id,ticker,entry_date,exit_date,entry_price,exit_price,return_pct,reason,hold_days
114425,AADI,2025-04-15,2025-04-16,5659.65,6344.99,12.11,TP,1
114426,AADI,2025-07-23,2025-07-24,6278.68,6106.52,-2.74,SL,1
114427,AADI,2025-08-07,2025-08-13,6322.89,6158.03,-2.61,SL,4
114428,AADI,2025-08-27,2025-08-28,6345.0,6185.95,-2.51,SL,1
114429,AADI,2025-09-02,2025-09-24,6278.68,6631.06,5.61,TP,15
114430,AADI,2025-10-29,2025-11-07,7207.21,7754.13,7.59,TP,7
114431,AADI,2026-03-26,2026-03-27,10529.82,10027.95,-4.77,SL,1
114432,AADI,2026-05-04,2026-05-05,10364.92,9948.13,-4.02,SL,1
114433,AADI,2026-08-13,2026-08-14,9350.0,9101.51,-2.66,SL,1
114434,AADI,2026-08-19,2026-08-24,9725.0,10294.58,5.86,TP,3
114435,ADMR,2022-09-09,2022-09-14,1604.73,1761.86,9.79,TP,3
114436,ADMR,2022-11-08,2022-11-10,1748.51,1682.99,-3.75,SL,2
114437,ADMR,2023-08-15,2023-08-16,978.61,1060.07,8.32,TP,1
114438,ADMR,2024-01-26,2024-01-29,1275.44,1224.93,-3.96,SL,1
114439,ADMR,2024-02-27,2024-03-05,1405.3,1346.52,-4.18,SL,5
114440,ADMR,2024-07-03,2024-07-09,1289.35,1242.57,-3.63,SL,4
114441,ADMR,2024-07-23,2024-07-24,1266.16,1225.14,-3.24,SL,1
114442,ADMR,2024-08-29,2024-09-04,1210.51,1176.67,-2.8,SL,4
114443,ADMR,2024-12-06,2024-12-12,1233.7,1187.22,-3.77,SL,4
114444,ADMR,2025-03-07,2025-04-08,802.37,752.58,-6.21,SL,15
114445,ADMR,2025-05-20,2025-05-21,936.87,1013.55,8.18,TP,1
114446,ADMR,2025-07-22,2025-07-23,982.95,1051.99,7.02,TP,1
114447,ADMR,2025-09-16,2025-09-17,1017.01,981.98,-3.44,SL,1
114448,ADMR,2025-12-09,2025-12-10,1411.16,1350.03,-4.33,SL,1
114449,ADMR,2026-02-24,2026-03-04,2024.29,1897.72,-6.25,SL,6
114450,ADMR,2026-04-02,2026-04-06,1946.43,1838.75,-5.53,SL,1
114451,ADMR,2026-04-16,2026-04-22,1902.64,1802.46,-5.27,SL,4
114452,ADMR,2026-06-10,2026-06-11,1645.0,1524.49,-7.33,SL,1
114453,ADMR,2026-08-03,2026-08-14,1540.0,1671.84,8.56,TP,9
114454,ADRO,2021-11-25,2021-11-26,537.94,519.9,-3.35,SL,1
114455,ADRO,2022-02-24,2022-02-25,794.35,852.4,7.31,TP,1
114456,ADRO,2022-04-07,2022-04-13,1034.35,1121.27,8.4,TP,4
114457,ADRO,2022-05-23,2022-05-24,1184.55,1129.43,-4.65,SL,1
114458,ADRO,2022-08-22,2022-08-23,1163.34,1125.55,-3.25,SL,1
114459,ADRO,2023-02-16,2023-02-20,1123.51,1081.51,-3.74,SL,2
114460,ADRO,2023-03-30,2023-04-06,1097.03,1169.47,6.6,TP,5
114461,ADRO,2023-08-16,2023-08-22,1052.52,1108.82,5.35,TP,3
114462,ADRO,2023-09-21,2023-09-26,1241.22,1207.62,-2.71,SL,3
114463,ADRO,2023-10-20,2023-10-23,1186.71,1152.73,-2.86,SL,1
114464,ADRO,2023-12-20,2024-01-22,1090.26,1090.96,0.06,TIME_EXIT,20
114465,ADRO,2024-02-07,2024-02-15,1118.23,1166.08,4.28,TP,3
114466,ADRO,2024-03-05,2024-03-06,1159.14,1206.23,4.06,TP,1
114467,ADRO,2024-04-17,2024-04-18,1277.33,1246.8,-2.39,SL,1
114468,ADRO,2024-05-07,2024-05-31,1295.51,1365.89,5.43,TP,14
114469,ADRO,2024-07-04,2024-07-12,1421.94,1386.18,-2.52,SL,6
114470,ADRO,2024-07-19,2024-07-22,1490.59,1555.61,4.36,TP,1
114471,ADRO,2024-08-26,2024-09-09,1711.23,1668.41,-2.5,SL,10
114472,ADRO,2024-09-13,2024-09-17,1882.85,1822.71,-3.19,SL,1
114473,ADRO,2024-09-30,2024-10-01,1917.17,1857.39,-3.12,SL,1
114474,ADRO,2024-11-06,2024-11-07,1990.72,1931.08,-3.0,SL,1
114475,ADRO,2024-11-29,2024-12-02,1611.26,1775.6,10.2,TP,1
114476,ADRO,2024-12-10,2024-12-12,2101.65,1976.29,-5.96,SL,2
114477,ADRO,2025-01-03,2025-01-06,2055.49,1957.3,-4.78,SL,1
114478,ADRO,2025-07-14,2025-07-15,1653.33,1599.01,-3.29,SL,1
114479,ADRO,2025-09-24,2025-09-25,1565.16,1519.87,-2.89,SL,1
114480,ADRO,2025-10-09,2025-10-10,1644.52,1593.34,-3.11,SL,1
114481,ADRO,2025-10-22,2025-10-27,1596.02,1535.82,-3.77,SL,3
114482,ADRO,2025-12-19,2026-01-05,1675.38,1773.27,5.84,TP,7
114483,ADRO,2026-02-24,2026-03-03,2191.63,2382.79,8.72,TP,5
114484,ADRO,2026-03-16,2026-03-26,2363.15,2558.11,8.25,TP,3
114485,ADRO,2026-05-04,2026-05-11,2520.0,2448.57,-2.83,SL,5
114486,ADRO,2026-08-26,2026-08-31,2630.0,2747.12,4.45,TP,3
114487,AKRA,2022-01-04,2022-01-05,612.92,595.7,-2.81,SL,1
114488,AKRA,2022-06-02,2022-06-03,807.72,774.24,-4.15,SL,1
114489,AKRA,2022-09-15,2022-09-16,1002.35,962.7,-3.96,SL,1
114490,AKRA,2022-10-20,2022-10-25,1053.38,1013.14,-3.82,SL,3
114491,AKRA,2022-11-01,2022-11-02,1137.21,1092.3,-3.95,SL,1
114492,AKRA,2022-12-05,2022-12-06,1057.02,1019.67,-3.53,SL,1
114493,AKRA,2022-12-14,2022-12-16,1049.73,1013.62,-3.44,SL,2
114494,AKRA,2023-02-24,2023-03-02,984.12,1045.3,6.22,TP,4
114495,AKRA,2023-03-27,2023-03-29,1122.63,1199.63,6.86,TP,2
114496,AKRA,2023-10-02,2023-10-03,1210.48,1179.13,-2.59,SL,1
114497,AKRA,2023-11-01,2023-11-29,1167.39,1171.86,0.38,TIME_EXIT,20
114498,AKRA,2023-12-18,2023-12-21,1188.08,1158.48,-2.49,SL,3
114499,AKRA,2024-03-01,2024-03-05,1378.66,1439.69,4.43,TP,2
114500,AKRA,2024-04-18,2024-04-25,1443.54,1401.41,-2.92,SL,5
114501,AKRA,2024-06-25,2024-07-01,1367.12,1332.02,-2.57,SL,4
114502,AKRA,2024-12-06,2024-12-17,1132.5,1094.9,-3.32,SL,7
114503,AKRA,2025-01-10,2025-01-30,1033.08,985.44,-4.61,SL,11
114504,AKRA,2025-02-19,2025-02-27,1050.37,1125.42,7.14,TP,6
114505,AKRA,2025-09-18,2025-09-19,1168.64,1134.08,-2.96,SL,1
114506,AKRA,2025-09-29,2025-09-30,1163.97,1132.27,-2.72,SL,1
114507,AKRA,2025-10-22,2025-10-23,1061.13,1027.88,-3.13,SL,1
114508,AKRA,2026-01-05,2026-01-07,1215.39,1182.31,-2.72,SL,2
114509,AKRA,2026-01-20,2026-01-27,1210.71,1277.44,5.51,TP,5
114510,AKRA,2026-02-20,2026-02-26,1238.76,1192.7,-3.72,SL,4
114511,AKRA,2026-03-03,2026-03-04,1299.53,1252.79,-3.6,SL,1
114512,AKRA,2026-03-26,2026-03-30,1243.43,1344.05,8.09,TP,2
114513,AKRA,2026-09-09,2026-09-15,1525.0,1480.14,-2.94,SL,4
114514,AMMN,2023-11-16,2023-11-22,7225.0,7050.0,-2.42,SELL_SIGNAL,4
114515,AMMN,2023-11-29,2023-11-30,7775.0,7455.0,-4.12,SL,1
114516,AMMN,2024-02-16,2024-02-29,7950.0,8445.24,6.23,TP,9
114517,AMMN,2024-07-25,2024-08-05,11775.0,11280.95,-4.2,SL,7
114518,AMMN,2025-01-23,2025-01-30,8625.0,8304.47,-3.72,SL,2
114519,AMMN,2025-02-19,2025-02-21,7400.0,7013.26,-5.23,SL,2
114520,AMMN,2025-03-07,2025-03-11,6700.0,6263.94,-6.51,SL,2
114521,AMMN,2025-03-21,2025-03-24,6250.0,5855.83,-6.31,SL,1
114522,AMMN,2025-04-15,2025-04-22,6025.0,6929.21,15.01,TP,4
114523,AMMN,2025-08-11,2025-08-12,8700.0,8247.27,-5.2,SL,1
114524,AMMN,2025-10-10,2025-10-14,7425.0,7119.06,-4.12,SL,2
114525,AMMN,2025-11-25,2025-11-28,7025.0,6729.68,-4.2,SL,3
114526,AMMN,2025-12-15,2025-12-16,6825.0,6531.26,-4.3,SL,1
114527,AMMN,2026-09-10,2026-09-11,4910.0,4734.83,-3.57,SL,1
114528,AMRT,2021-12-22,2022-01-06,1120.22,1085.62,-3.09,SL,10
114529,AMRT,2022-01-28,2022-01-31,1129.52,1081.89,-4.22,SL,1
114530,AMRT,2022-03-14,2022-03-15,1115.57,1224.05,9.72,TP,1
114531,AMRT,2022-06-02,2022-06-30,1719.84,1925.2,11.94,TP,20
114532,AMRT,2022-08-04,2022-08-05,1831.71,1773.06,-3.2,SL,1
114533,AMRT,2022-08-18,2022-08-19,1831.71,1949.35,6.42,TP,1
114534,AMRT,2022-10-18,2022-10-21,2348.35,2490.34,6.05,TP,3
114535,AMRT,2022-11-18,2022-11-21,2658.33,2562.51,-3.6,SL,1
114536,AMRT,2022-12-01,2022-12-02,2902.56,2794.0,-3.74,SL,1
114537,AMRT,2022-12-28,2022-12-29,2648.93,2548.25,-3.8,SL,1
114538,AMRT,2023-01-20,2023-01-25,2592.57,2495.55,-3.74,SL,2
114539,AMRT,2023-01-30,2023-02-01,2620.75,2808.51,7.16,TP,2
114540,AMRT,2023-03-27,2023-04-05,2733.48,2647.75,-3.14,SL,7
114541,AMRT,2023-08-15,2023-09-06,2738.74,2654.49,-3.08,SL,15
114542,AMRT,2023-09-13,2023-09-14,2842.98,2765.89,-2.71,SL,1
114543,AMRT,2023-09-27,2023-10-04,2805.07,2734.52,-2.52,SL,4
114544,AMRT,2023-10-26,2023-10-27,2757.69,2677.51,-2.91,SL,1
114545,AMRT,2023-12-08,2023-12-11,2738.74,2677.06,-2.25,SL,1
114546,AMRT,2023-12-15,2023-12-18,2710.31,2639.17,-2.62,SL,1
114547,AMRT,2023-12-27,2024-01-09,2719.78,2638.43,-2.99,SL,8
114548,AMRT,2024-02-15,2024-02-23,2587.11,2520.98,-2.56,SL,6
114549,AMRT,2024-08-15,2024-08-26,2737.57,2675.02,-2.28,SL,7
114550,AMRT,2024-10-18,2024-10-23,3197.02,3365.68,5.28,TP,3
114551,AMRT,2024-12-05,2024-12-13,2909.86,2808.97,-3.47,SL,6
114552,AMRT,2025-01-23,2025-01-24,2795.0,2696.54,-3.52,SL,1
114553,AMRT,2025-07-30,2025-07-31,2211.19,2134.71,-3.46,SL,1
114554,AMRT,2025-09-18,2025-09-19,2094.81,2014.45,-3.84,SL,1
114555,AMRT,2026-08-06,2026-08-10,1425.0,1370.77,-3.81,SL,2
114556,ANTM,2021-11-22,2021-11-26,1858.46,1809.7,-2.62,SL,4
114557,ANTM,2022-04-08,2022-04-11,2160.46,2069.22,-4.22,SL,1
114558,ANTM,2022-09-14,2022-09-26,1580.96,1549.5,-1.99,SELL_SIGNAL,8
114559,ANTM,2022-10-28,2022-11-07,1451.18,1535.06,5.78,TP,6
114560,ANTM,2022-12-20,2022-12-28,1596.69,1550.28,-2.91,SL,6
114561,ANTM,2023-01-05,2023-01-06,1588.82,1544.77,-2.77,SL,1
114562,ANTM,2023-01-10,2023-01-13,1604.55,1701.53,6.04,TP,3
114563,ANTM,2023-05-05,2023-05-08,1675.34,1630.1,-2.7,SL,1
114564,ANTM,2023-08-02,2023-08-03,1678.82,1651.16,-1.65,SL,1
114565,ANTM,2023-08-30,2023-08-31,1646.07,1620.71,-1.54,SL,1
114566,ANTM,2024-05-21,2024-05-27,1371.38,1325.84,-3.32,SL,2
114567,ANTM,2024-08-16,2024-08-19,1247.12,1317.01,5.6,TP,1
114568,ANTM,2025-01-03,2025-01-06,1384.7,1336.82,-3.46,SL,1
114569,ANTM,2025-01-15,2025-01-30,1349.19,1302.3,-3.48,SL,8
114570,ANTM,2025-02-14,2025-02-19,1309.25,1398.64,6.83,TP,3
114571,ANTM,2025-03-06,2025-03-10,1437.96,1382.9,-3.83,SL,2
114572,ANTM,2025-03-19,2025-03-24,1455.71,1392.18,-4.36,SL,3
114573,ANTM,2025-04-08,2025-04-10,1287.06,1404.62,9.13,TP,2
114574,ANTM,2025-04-15,2025-04-21,1655.42,1834.2,10.8,TP,3
114575,ANTM,2025-08-08,2025-08-11,2944.56,2819.08,-4.26,SL,1
114576,ANTM,2025-09-23,2025-09-24,3401.15,3261.04,-4.12,SL,1
114577,ANTM,2025-10-15,2025-10-22,3177.51,3028.39,-4.69,SL,5
114578,ANTM,2025-11-18,2025-11-21,2851.38,2746.54,-3.68,SL,3
114579,ANTM,2026-02-24,2026-03-04,4137.29,3920.5,-5.24,SL,6
114580,ANTM,2026-04-10,2026-04-28,3522.29,3905.92,10.89,TP,12
114581,ANTM,2026-08-07,2026-08-14,3090.0,2979.6,-3.57,SL,5
114582,ANTM,2026-09-11,2026-09-14,3230.0,3137.13,-2.88,SL,1
114583,ASII,2022-02-16,2022-03-01,3791.39,3972.73,4.78,TP,8
114584,ASII,2022-06-02,2022-06-10,5117.94,4949.48,-3.29,SL,6
114585,ASII,2022-07-21,2022-07-27,4346.74,4211.0,-3.12,SL,4
114586,ASII,2022-09-15,2022-09-16,4995.25,4869.63,-2.51,SL,1
114587,ASII,2022-09-20,2022-09-26,5012.78,4881.39,-2.62,SL,4
114588,ASII,2023-08-02,2023-08-11,5293.03,5188.0,-1.98,SL,7
114589,ASII,2023-12-05,2023-12-07,4552.46,4445.94,-2.34,SL,2
114590,ASII,2023-12-15,2023-12-21,4434.21,4333.87,-2.26,SL,4
114591,ASII,2024-05-03,2024-05-06,4118.89,4017.76,-2.46,SL,1
114592,ASII,2024-05-17,2024-05-27,4048.78,3946.76,-2.52,SL,4
114593,ASII,2024-06-24,2024-07-16,3851.07,3765.11,-2.23,SELL_SIGNAL,16
114594,ASII,2024-07-29,2024-07-30,3971.42,3891.39,-2.02,SL,1
114595,ASII,2024-09-20,2024-09-25,4534.47,4451.47,-1.83,SL,3
114596,ASII,2024-10-23,2024-10-28,4623.75,4532.31,-1.98,SL,3
114597,ASII,2024-11-26,2024-11-29,4514.19,4416.13,-2.17,SL,2
114598,ASII,2025-03-04,2025-03-06,4102.21,4343.39,5.88,TP,2
114599,ASII,2025-03-24,2025-03-25,4189.87,4071.24,-2.83,SL,1
114600,ASII,2025-05-19,2025-05-23,4286.28,4468.05,4.24,TP,4
114601,ASII,2025-08-20,2025-09-01,5170.57,5038.37,-2.56,SL,8
114602,ASII,2025-09-24,2025-09-25,5568.31,5415.84,-2.74,SL,1
114603,ASII,2025-10-22,2025-10-24,5759.2,6106.51,6.03,TP,2
114604,ASII,2025-12-05,2025-12-09,6401.76,6245.19,-2.45,SL,2
114605,ASII,2026-01-05,2026-01-13,6449.35,6768.4,4.95,TP,6
114606,ASII,2026-02-11,2026-03-02,6473.15,6169.96,-4.68,SL,11
114607,ASII,2026-03-26,2026-03-27,6258.97,6002.97,-4.09,SL,1
114608,ASII,2026-05-12,2026-05-13,6050.0,5844.33,-3.4,SL,1
114609,ASII,2026-05-19,2026-05-21,6000.0,5818.3,-3.03,SL,2
114610,ASII,2026-09-02,2026-09-07,4930.0,4825.85,-2.11,SL,3
114611,BBCA,2022-01-05,2022-01-07,6380.15,6567.59,2.94,TP,2
114612,BBCA,2022-10-24,2022-10-26,7608.31,7456.51,-2.0,SL,2
114613,BBCA,2022-11-25,2022-11-30,7825.69,8111.46,3.65,TP,3
114614,BBCA,2023-03-27,2023-04-14,7703.48,7974.62,3.52,TP,13
114615,BBCA,2023-05-25,2023-06-20,8102.31,7976.67,-1.55,SL,16
114616,BBCA,2023-07-14,2023-07-27,8169.09,8355.19,2.28,TP,8
114617,BBCA,2023-08-04,2023-08-31,8235.86,8134.38,-1.23,SL,18
114618,BBCA,2023-10-04,2023-10-05,8191.35,8093.18,-1.2,SL,1
114619,BBCA,2023-12-01,2023-12-06,7946.5,7872.58,-0.93,SELL_SIGNAL,3
114620,BBCA,2023-12-15,2023-12-27,8163.33,8388.0,2.75,TP,6
114621,BBCA,2024-02-16,2024-02-19,8923.75,8795.2,-1.44,SL,1
114622,BBCA,2024-03-08,2024-03-13,9169.77,9035.22,-1.47,SL,1
114623,BBCA,2024-03-26,2024-04-01,9198.03,9041.77,-1.7,SL,3
114624,BBCA,2024-04-30,2024-05-02,9198.03,8988.74,-2.28,SL,1
114625,BBCA,2024-05-06,2024-05-08,9014.99,8789.43,-2.5,SL,2
114626,BBCA,2024-07-24,2024-08-05,9266.67,9124.47,-1.53,SL,8
114627,BBCA,2024-08-20,2024-09-03,9449.72,9312.19,-1.46,SL,10
114628,BBCA,2024-09-13,2024-09-19,9518.36,9766.82,2.61,TP,3
114629,BBCA,2024-10-18,2024-10-21,9953.09,9771.09,-1.83,SL,1
114630,BBCA,2024-12-04,2024-12-17,9358.88,9157.95,-2.15,SL,9
114631,BBCA,2025-01-13,2025-01-24,8853.0,8673.13,-2.03,SL,9
114632,BBCA,2025-07-25,2025-07-30,8058.79,7924.05,-1.67,SL,3
114633,BBCA,2025-10-10,2025-10-14,7063.29,6901.64,-2.29,SL,2
114634,BBCA,2026-03-26,2026-03-27,6585.09,6416.01,-2.57,SL,1
114635,BBCA,2026-09-01,2026-09-02,6450.0,6714.55,4.1,TP,1
114636,BBNI,2022-01-05,2022-01-06,2665.55,2607.5,-2.18,SL,1
114637,BBNI,2022-01-28,2022-02-08,2731.96,2874.33,5.21,TP,6
114638,BBNI,2022-03-17,2022-03-18,3206.25,3121.84,-2.63,SL,1
114639,BBNI,2022-07-21,2022-08-09,3014.23,3201.03,6.2,TP,13
114640,BBNI,2022-09-05,2022-09-15,3362.02,3508.02,4.34,TP,8
114641,BBNI,2022-10-24,2022-10-25,3487.62,3648.41,4.61,TP,1
114642,BBNI,2022-12-01,2022-12-02,3825.75,3751.23,-1.95,SL,1
114643,BBNI,2023-03-10,2023-03-13,3516.6,3447.77,-1.96,SL,1
114644,BBNI,2023-03-17,2023-03-24,3477.96,3623.04,4.17,TP,3
114645,BBNI,2023-09-21,2023-09-22,3859.74,3975.66,3.0,TP,1
114646,BBNI,2023-11-16,2023-11-23,4006.87,4161.76,3.87,TP,5
114647,BBNI,2024-01-02,2024-01-04,4333.39,4518.28,4.27,TP,2
114648,BBNI,2024-02-01,2024-02-12,4635.72,4829.54,4.18,TP,5
114649,BBNI,2024-03-14,2024-03-15,5018.67,4914.53,-2.08,SL,1
114650,BBNI,2024-03-27,2024-04-01,5026.2,4928.29,-1.95,SL,2
114651,BBNI,2024-05-17,2024-05-20,4392.65,4246.54,-3.33,SL,1
114652,BBNI,2024-06-24,2024-07-09,3835.12,4091.29,6.68,TP,11
114653,BBNI,2024-09-09,2024-09-25,4772.78,4663.11,-2.3,SL,11
114654,BBNI,2024-10-18,2024-10-28,4688.31,4584.06,-2.22,SL,6
114655,BBNI,2025-01-06,2025-01-07,3843.57,3728.07,-3.0,SL,1
114656,BBNI,2025-01-16,2025-01-17,3885.8,3770.5,-2.97,SL,1
114657,BBNI,2025-02-19,2025-02-20,4012.51,3875.74,-3.41,SL,1
114658,BBNI,2025-03-06,2025-03-11,3843.57,3684.4,-4.14,SL,3
114659,BBNI,2025-04-11,2025-04-15,3581.7,3983.68,11.22,TP,2
114660,BBNI,2025-05-15,2025-06-18,4040.59,3957.75,-2.05,TIME_EXIT,20
114661,BBNI,2025-08-06,2025-08-07,3884.12,3790.04,-2.42,SL,1
114662,BBNI,2025-09-18,2025-09-19,4123.42,3985.73,-3.34,SL,1
114663,BBNI,2025-10-22,2025-10-24,3746.06,3986.06,6.41,TP,2
114664,BBNI,2025-12-17,2025-12-22,4049.79,3950.33,-2.46,SL,3
114665,BBNI,2026-01-15,2026-01-19,4031.38,4190.77,3.95,TP,1
114666,BBNI,2026-02-04,2026-02-20,4224.67,4085.82,-3.29,SL,10
114667,BBNI,2026-03-25,2026-03-27,4050.0,3954.51,-2.36,SL,2
114668,BBNI,2026-06-17,2026-06-19,3810.0,3646.2,-4.3,SL,2
114669,BBNI,2026-08-24,2026-08-26,3730.0,3645.17,-2.27,SL,2
114670,BBRI,2022-02-07,2022-02-08,3016.18,3121.64,3.5,TP,1
114671,BBRI,2022-04-22,2022-04-26,3512.93,3650.67,3.92,TP,2
114672,BBRI,2022-06-02,2022-06-08,3357.62,3250.85,-3.18,SL,4
114673,BBRI,2022-06-17,2022-06-29,3231.89,3141.37,-2.8,SL,8
114674,BBRI,2022-10-25,2022-11-22,3372.41,3394.6,0.66,TIME_EXIT,20
114675,BBRI,2022-11-25,2022-11-30,3475.95,3606.6,3.76,TP,3
114676,BBRI,2022-12-14,2022-12-15,3697.82,3625.12,-1.97,SL,1
114677,BBRI,2023-03-21,2023-03-24,3646.96,3775.13,3.51,TP,1
114678,BBRI,2023-05-22,2023-05-23,4165.54,4348.46,4.39,TP,1
114679,BBRI,2023-07-18,2023-08-04,4420.97,4381.67,-0.89,SELL_SIGNAL,12
114680,BBRI,2023-09-06,2023-09-07,4420.97,4356.3,-1.46,SL,1
114681,BBRI,2023-10-26,2023-10-27,4067.29,3984.68,-2.03,SL,1
114682,BBRI,2023-12-15,2023-12-19,4381.67,4293.68,-2.01,SL,2
114683,BBRI,2024-02-07,2024-02-15,4666.28,4851.87,3.98,TP,3
114684,BBRI,2024-03-14,2024-03-15,5113.27,5019.04,-1.84,SL,1
114685,BBRI,2024-03-26,2024-03-28,5216.77,5122.08,-1.82,SL,2
114686,BBRI,2024-08-15,2024-08-19,4016.09,3934.74,-2.03,SL,2
114687,BBRI,2024-11-26,2024-11-28,3684.86,3593.34,-2.48,SL,1
114688,BBRI,2025-01-17,2025-01-21,3550.57,3742.2,5.4,TP,2
114689,BBRI,2025-07-11,2025-07-14,3548.4,3461.54,-2.45,SL,1
114690,BBRI,2025-08-13,2025-08-25,3675.12,3843.12,4.57,TP,7
114691,BBRI,2025-09-16,2025-09-26,3765.64,3663.42,-2.71,SL,8
114692,BBRI,2025-10-23,2025-10-30,3367.35,3584.33,6.44,TP,5
114693,BBRI,2025-11-18,2025-11-25,3575.55,3494.41,-2.27,SL,5
114694,BBRI,2026-06-17,2026-06-22,3020.0,2900.49,-3.96,SL,3
114695,BBRI,2026-09-01,2026-09-02,3250.0,3383.36,4.1,TP,1
114696,BBTN,2022-02-02,2022-02-15,1305.01,1390.82,6.58,TP,9
114697,BBTN,2022-03-17,2022-03-18,1376.71,1337.54,-2.85,SL,1
114698,BBTN,2022-04-22,2022-04-25,1376.71,1449.88,5.31,TP,1
114699,BBTN,2022-09-06,2022-09-07,1225.04,1199.26,-2.1,SL,1
114700,BBTN,2022-09-16,2022-09-19,1256.15,1227.75,-2.26,SL,1
114701,BBTN,2022-10-21,2022-11-17,1190.04,1161.16,-2.43,SL,19
114702,BBTN,2022-12-01,2022-12-02,1201.7,1183.8,-1.49,SL,1
114703,BBTN,2023-03-28,2023-04-14,1111.89,1176.47,5.81,TP,12
114704,BBTN,2023-05-10,2023-05-24,1178.75,1150.91,-2.36,SL,9
114705,BBTN,2023-06-22,2023-06-26,1219.56,1190.61,-2.37,SL,2
114706,BBTN,2023-07-18,2023-07-21,1237.69,1212.68,-2.02,SL,2
114707,BBTN,2023-11-07,2023-11-17,1106.21,1152.16,4.15,TP,8
114708,BBTN,2024-02-15,2024-02-20,1246.76,1310.5,5.11,TP,3
114709,BBTN,2024-03-22,2024-03-25,1341.11,1422.88,6.1,TP,1
114710,BBTN,2024-08-20,2024-08-26,1247.0,1304.93,4.65,TP,4
114711,BBTN,2024-10-16,2024-10-28,1406.99,1368.18,-2.76,SL,8
114712,BBTN,2025-02-18,2025-02-20,931.72,898.68,-3.55,SL,2
114713,BBTN,2025-07-14,2025-07-29,1200.0,1159.68,-3.36,SL,11
114714,BBTN,2025-08-13,2025-08-14,1275.0,1360.86,6.73,TP,1
114715,BBTN,2025-09-15,2025-09-16,1450.0,1383.33,-4.6,SL,1
114716,BBTN,2025-10-22,2025-10-23,1230.0,1176.42,-4.36,SL,1
114717,BBTN,2026-02-02,2026-02-03,1250.0,1209.25,-3.26,SL,1
114718,BBTN,2026-04-10,2026-04-13,1290.0,1251.84,-2.96,SL,1
114719,BBTN,2026-06-17,2026-06-18,1290.0,1223.79,-5.13,SL,1
114720,BBTN,2026-08-31,2026-09-10,1235.0,1210.0,-2.02,SELL_SIGNAL,8
114721,BMRI,2022-03-17,2022-03-25,2784.18,2897.96,4.09,TP,6
114722,BMRI,2022-06-02,2022-06-06,3035.42,2944.63,-2.99,SL,2
114723,BMRI,2022-06-17,2022-06-30,2980.73,2894.0,-2.91,SL,9
114724,BMRI,2022-07-21,2022-08-09,2916.92,3083.8,5.72,TP,13
114725,BMRI,2022-09-01,2022-09-13,3226.84,3385.93,4.93,TP,8
114726,BMRI,2022-10-21,2022-10-24,3646.15,3811.86,4.54,TP,1
114727,BMRI,2022-12-01,2022-12-08,3837.57,3747.96,-2.34,SL,5
114728,BMRI,2023-03-10,2023-03-13,3801.11,3730.08,-1.87,SL,1
114729,BMRI,2023-03-27,2023-03-28,3985.55,3893.42,-2.31,SL,1
114730,BMRI,2023-05-26,2023-05-31,3966.38,3885.29,-2.04,SL,3
114731,BMRI,2023-06-27,2023-07-04,3966.38,4106.88,3.54,TP,2
114732,BMRI,2023-09-05,2023-09-07,4675.35,4583.68,-1.96,SL,2
114733,BMRI,2023-10-04,2023-10-09,4656.19,4572.52,-1.8,SL,3
114734,BMRI,2023-12-18,2023-12-28,4483.74,4669.89,4.15,TP,6
114735,BMRI,2024-02-05,2024-02-12,5135.22,5338.49,3.96,TP,3
114736,BMRI,2024-03-15,2024-03-18,5710.06,5608.36,-1.78,SL,1
114737,BMRI,2024-03-21,2024-03-22,5720.11,5606.52,-1.99,SL,1
114738,BMRI,2024-06-24,2024-06-25,4894.32,4720.48,-3.55,SL,1
114739,BMRI,2024-08-02,2024-08-05,5397.85,5257.33,-2.6,SL,1
114740,BMRI,2024-09-19,2024-09-20,6002.09,5892.91,-1.82,SL,1
114741,BMRI,2024-10-18,2024-10-22,5861.1,5725.76,-2.31,SL,2
114742,BMRI,2024-11-26,2024-11-28,5317.28,5166.51,-2.84,SL,1
114743,BMRI,2025-01-16,2025-01-17,4894.32,4750.45,-2.94,SL,1
114744,BMRI,2025-03-26,2025-04-08,4012.13,3838.04,-4.34,SL,2
114745,BMRI,2025-05-16,2025-06-02,4810.35,4656.06,-3.21,SL,9
114746,BMRI,2025-07-14,2025-07-15,4415.77,4299.04,-2.64,SL,1
114747,BMRI,2025-07-25,2025-07-30,4256.17,4154.19,-2.4,SL,3
114748,BMRI,2025-08-06,2025-08-25,4211.83,4408.26,4.66,TP,12
114749,BMRI,2025-10-10,2025-10-13,3910.35,3824.81,-2.19,SL,1
114750,BMRI,2025-10-22,2025-10-24,3857.15,4058.62,5.22,TP,2
114751,BMRI,2025-12-19,2025-12-22,4588.68,4482.39,-2.32,SL,1
114752,BMRI,2026-01-21,2026-01-23,4545.69,4445.08,-2.21,SL,2
114753,BMRI,2026-02-06,2026-02-19,4477.84,4779.13,6.73,TP,7
114754,BMRI,2026-06-03,2026-06-04,4136.13,4041.6,-2.29,SL,1
114755,BMRI,2026-06-11,2026-06-17,4195.22,4475.67,6.69,TP,3
114756,BRPT,2022-07-08,2022-07-13,792.12,855.44,7.99,TP,3
114757,BRPT,2022-09-23,2022-09-29,841.62,811.81,-3.54,SL,4
114758,BRPT,2023-08-01,2023-08-11,772.21,805.51,4.31,TP,8
114759,BRPT,2024-05-02,2024-05-08,1011.34,967.07,-4.38,SL,4
114760,BRPT,2024-08-15,2024-08-29,1123.77,1214.86,8.11,TP,10
114761,BRPT,2024-09-12,2024-09-13,1203.68,1156.76,-3.9,SL,1
114762,BRPT,2024-11-28,2024-11-29,899.01,856.79,-4.7,SL,1
114763,BRPT,2025-07-15,2025-07-16,2097.7,1991.35,-5.07,SL,1
114764,BRPT,2025-09-16,2025-09-18,2347.42,2609.88,11.18,TP,2
114765,BRPT,2025-11-17,2025-11-18,3795.83,3592.48,-5.36,SL,1
114766,BRPT,2025-12-11,2025-12-12,3805.82,3646.62,-4.18,SL,1
114767,BRPT,2026-02-12,2026-02-19,2287.49,2080.84,-9.03,SL,3
114768,BRPT,2026-05-07,2026-05-08,2347.42,2150.1,-8.41,SL,1
114769,BUMI,2022-01-25,2022-01-26,72.0,68.24,-5.22,SL,1
114770,BUMI,2022-10-10,2022-10-11,196.0,182.17,-7.05,SL,1
114771,BUMI,2022-11-24,2022-11-25,195.0,185.27,-4.99,SL,1
114772,BUMI,2023-05-09,2023-05-23,121.0,116.0,-4.13,SELL_SIGNAL,9
114773,BUMI,2023-08-22,2023-08-23,162.0,156.33,-3.5,SL,1
114774,BUMI,2023-09-07,2023-09-12,146.0,139.5,-4.45,SL,3
114775,BUMI,2023-11-14,2023-11-24,111.0,106.46,-4.09,SL,8
114776,BUMI,2024-02-15,2024-02-16,93.0,89.16,-4.13,SL,1
114777,BUMI,2024-11-13,2024-11-15,164.0,154.07,-6.05,SL,2
114778,BUMI,2025-02-19,2025-02-25,111.0,104.41,-5.94,SL,4
114779,BUMI,2025-03-11,2025-03-14,99.0,92.96,-6.1,SL,3
114780,BUMI,2025-04-15,2025-04-22,95.0,109.33,15.09,TP,4
114781,BUMI,2025-06-12,2025-06-16,134.0,127.58,-4.79,SL,2
114782,BUMI,2025-07-17,2025-07-24,122.0,116.4,-4.59,SL,5
114783,BUMI,2025-08-21,2025-08-22,114.0,110.06,-3.46,SL,1
114784,BUMI,2025-09-03,2025-09-08,113.0,108.84,-3.68,SL,2
114785,BUMI,2025-11-04,2025-11-11,141.0,156.15,10.74,TP,5
114786,BUMI,2025-12-11,2025-12-12,332.0,368.35,10.95,TP,1
114787,BUMI,2026-01-05,2026-01-06,428.0,479.75,12.09,TP,1
114788,BUMI,2026-06-15,2026-06-24,165.0,150.66,-8.69,SL,6
114789,BUMI,2026-09-02,2026-09-08,210.0,228.61,8.86,TP,4
114790,CPIN,2021-12-01,2021-12-02,5407.01,5267.99,-2.57,SL,1
114791,CPIN,2022-02-24,2022-02-25,5362.32,5244.36,-2.2,SL,1
114792,CPIN,2022-05-11,2022-05-12,4535.63,4381.0,-3.41,SL,1
114793,CPIN,2022-08-23,2022-08-31,5426.16,5270.67,-2.87,SL,6
114794,CPIN,2022-12-14,2022-12-30,5357.76,5214.53,-2.67,SL,12
114795,CPIN,2023-01-10,2023-01-13,5699.75,5547.66,-2.67,SL,3
114796,CPIN,2023-08-10,2023-08-14,4878.99,4745.25,-2.74,SL,2
114797,CPIN,2023-08-30,2023-08-31,4856.19,4736.46,-2.47,SL,1
114798,CPIN,2023-09-27,2023-10-03,4901.78,5127.7,4.61,TP,3
114799,CPIN,2024-05-07,2024-06-10,4924.58,4859.7,-1.32,TIME_EXIT,20
114800,CPIN,2024-09-18,2024-09-25,4635.41,4536.15,-2.14,SL,5
114801,CPIN,2024-12-05,2024-12-06,4644.75,4535.08,-2.36,SL,1
114802,CPIN,2025-01-23,2025-01-30,4485.88,4365.5,-2.68,SL,2
114803,CPIN,2025-02-19,2025-02-25,4345.7,4248.62,-2.23,SL,4
114804,CPIN,2025-03-20,2025-03-25,4214.86,4056.92,-3.75,SL,3
114805,CPIN,2025-04-25,2025-04-30,3999.91,4353.13,8.83,TP,3
114806,CPIN,2025-07-10,2025-07-30,4654.09,4673.2,0.41,SELL_SIGNAL,14
114807,CPIN,2025-10-20,2025-10-21,4778.33,4639.69,-2.9,SL,1
114808,CPIN,2026-01-06,2026-01-07,4367.39,4281.13,-1.98,SL,1
114809,CPIN,2026-01-14,2026-01-19,4319.61,4238.3,-1.88,SL,2
114810,CPIN,2026-03-25,2026-04-08,3956.45,4288.21,8.39,TP,9
114811,CPIN,2026-05-19,2026-05-20,4013.79,3893.45,-3.0,SL,1
114812,CPIN,2026-07-01,2026-07-02,3280.0,3113.96,-5.06,SL,1
114813,CPIN,2026-08-31,2026-09-03,3060.0,3216.16,5.1,TP,3
114814,CUAN,2023-06-19,2023-06-20,99.5,94.74,-4.78,SL,1
114815,CUAN,2023-10-26,2023-10-27,314.0,356.51,13.54,TP,1
114816,CUAN,2024-02-20,2024-02-21,795.0,720.0,-9.43,SL,1
114817,CUAN,2024-06-12,2024-06-20,857.5,798.8,-6.85,SL,4
114818,CUAN,2024-07-02,2024-07-08,970.0,920.61,-5.09,SL,4
114819,CUAN,2024-12-05,2024-12-12,710.0,776.72,9.4,TP,5
114820,CUAN,2025-04-14,2025-04-24,570.0,724.84,27.16,TP,7
114821,CUAN,2025-07-10,2025-07-14,1350.0,1475.89,9.33,TP,2
114822,CUAN,2025-08-27,2025-08-29,1650.0,1562.84,-5.28,SL,2
114823,CUAN,2025-09-22,2025-10-06,1590.0,1734.39,9.08,TP,10
114824,CUAN,2025-11-25,2025-11-27,2400.0,2676.54,11.52,TP,2
114825,CUAN,2026-09-02,2026-09-10,910.0,1017.85,11.85,TP,6
114826,DEWA,2022-03-31,2022-04-01,59.71,59.08,-1.05,SL,1
114827,DEWA,2022-06-08,2022-06-10,56.72,53.54,-5.61,SL,2
114828,DEWA,2022-06-16,2022-06-20,58.71,65.32,11.24,TP,2
114829,DEWA,2022-07-15,2022-07-26,55.73,62.01,11.26,TP,7
114830,DEWA,2022-08-05,2022-08-09,59.71,66.89,12.03,TP,2
114831,DEWA,2022-08-30,2022-08-31,89.56,83.33,-6.96,SL,1
114832,DEWA,2022-11-21,2022-11-29,59.71,56.0,-6.21,SL,6
114833,DEWA,2023-08-07,2023-08-08,56.72,61.45,8.34,TP,1
114834,DEWA,2023-09-26,2023-09-27,74.64,70.7,-5.28,SL,1
114835,DEWA,2023-10-18,2023-10-23,80.61,75.54,-6.29,SL,3
114836,DEWA,2023-11-03,2023-11-07,84.59,79.61,-5.89,SL,2
114837,DEWA,2023-12-05,2023-12-11,79.61,74.18,-6.82,SL,4
114838,DEWA,2024-08-19,2024-09-09,67.67,65.0,-3.94,SL,15
114839,DEWA,2024-09-20,2024-09-23,68.67,73.56,7.13,TP,1
114840,DEWA,2024-10-15,2024-10-18,77.62,84.78,9.22,TP,3
114841,DEWA,2024-11-13,2024-11-14,118.42,135.28,14.23,TP,1
114842,DEWA,2024-12-13,2024-12-16,122.4,113.36,-7.39,SL,1
114843,DEWA,2025-02-05,2025-02-06,118.42,110.89,-6.36,SL,1
114844,DEWA,2025-02-14,2025-02-18,119.42,136.05,13.93,TP,2
114845,DEWA,2025-04-16,2025-04-29,108.47,127.85,17.87,TP,8
114846,DEWA,2025-06-05,2025-06-19,191.07,179.59,-6.01,SL,8
114847,DEWA,2025-07-22,2025-07-23,216.95,206.41,-4.85,SL,1
114848,DEWA,2025-09-23,2025-09-24,246.8,270.21,9.48,TP,1
114849,DEWA,2025-11-06,2025-11-11,358.26,407.78,13.82,TP,3
114850,DEWA,2025-12-02,2025-12-04,461.75,435.72,-5.64,SL,2
114851,DEWA,2025-12-10,2025-12-11,507.53,566.07,11.53,TP,1
114852,DEWA,2026-02-18,2026-02-24,631.93,567.42,-10.21,SL,4
114853,DEWA,2026-06-15,2026-06-26,346.32,310.62,-10.31,SL,8
114854,EMTK,2021-12-09,2021-12-13,1891.23,2037.78,7.75,TP,2
114855,EMTK,2022-02-21,2022-02-22,1758.75,1940.11,10.31,TP,1
114856,EMTK,2024-03-25,2024-03-28,411.48,394.04,-4.24,SL,3
114857,EMTK,2024-08-21,2024-08-22,389.66,376.29,-3.43,SL,1
114858,EMTK,2024-10-08,2024-10-21,404.58,429.97,6.27,TP,9
114859,EMTK,2024-12-03,2024-12-06,475.43,519.65,9.3,TP,3
114860,EMTK,2025-01-16,2025-01-17,531.36,498.31,-6.22,SL,1
114861,EMTK,2025-06-11,2025-06-12,577.37,553.11,-4.2,SL,1
114862,EMTK,2025-10-02,2025-10-03,1628.47,1524.72,-6.37,SL,1
114863,EMTK,2025-11-10,2025-11-14,1273.17,1182.39,-7.13,SL,4
114864,EMTK,2025-11-24,2025-12-01,1263.72,1192.68,-5.62,SL,5
114865,EMTK,2026-03-26,2026-03-30,837.52,784.64,-6.31,SL,2
114866,EMTK,2026-06-17,2026-06-19,600.0,557.97,-7.01,SL,2
114867,EMTK,2026-08-20,2026-08-26,530.0,508.28,-4.1,SL,3
114868,ESSA,2021-11-19,2021-12-06,300.36,284.74,-5.2,SL,11
114869,ESSA,2021-12-10,2021-12-15,320.72,352.99,10.06,TP,3
114870,ESSA,2022-03-04,2022-03-09,636.35,591.03,-7.12,SL,3
114871,ESSA,2022-03-15,2022-03-22,657.56,756.56,15.06,TP,5
114872,ESSA,2022-07-12,2022-07-14,691.16,629.23,-8.96,SL,2
114873,ESSA,2022-08-29,2022-08-31,1036.74,976.09,-5.85,SL,2
114874,ESSA,2022-11-29,2022-12-05,913.02,868.96,-4.83,SL,4
114875,ESSA,2023-01-17,2023-01-27,802.09,874.59,9.04,TP,7
114876,ESSA,2023-02-27,2023-03-06,900.22,859.7,-4.5,SL,5
114877,ESSA,2024-02-16,2024-02-19,501.21,476.34,-4.96,SL,1
114878,ESSA,2024-07-03,2024-07-10,725.87,800.2,10.24,TP,5
114879,ESSA,2024-08-29,2024-08-30,730.38,783.86,7.32,TP,1
114880,ESSA,2024-09-26,2024-10-01,779.97,834.33,6.97,TP,3
114881,ESSA,2025-05-21,2025-05-28,577.16,543.97,-5.75,SL,5
114882,ESSA,2025-06-16,2025-06-17,590.9,563.27,-4.68,SL,1
114883,ESSA,2025-07-25,2025-08-11,572.58,546.95,-4.48,SL,11
114884,ESSA,2025-09-08,2025-09-11,558.84,603.72,8.03,TP,3
114885,ESSA,2025-09-26,2025-09-30,613.81,672.53,9.57,TP,2
114886,ESSA,2025-12-16,2025-12-18,600.06,573.69,-4.39,SL,2
114887,ESSA,2025-12-23,2025-12-24,586.32,560.52,-4.4,SL,1
114888,ESSA,2026-01-07,2026-01-08,590.9,567.18,-4.02,SL,1
114889,ESSA,2026-02-24,2026-02-26,604.65,571.26,-5.52,SL,2
114890,ESSA,2026-04-15,2026-04-16,764.97,721.64,-5.66,SL,1
114891,ESSA,2026-06-18,2026-06-22,618.39,572.62,-7.4,SL,2
114892,ESSA,2026-09-02,2026-09-10,700.0,669.59,-4.34,SL,6
114893,EXCL,2021-11-26,2021-12-02,2577.7,2713.22,5.26,TP,4
114894,EXCL,2022-01-27,2022-01-28,2654.78,2816.72,6.1,TP,1
114895,EXCL,2022-04-14,2022-04-18,2355.04,2510.92,6.62,TP,1
114896,EXCL,2022-06-24,2022-06-29,2334.92,2234.83,-4.29,SL,3
114897,EXCL,2022-07-20,2022-07-26,2195.53,2102.74,-4.23,SL,4
114898,EXCL,2022-11-01,2022-11-02,2195.53,2132.73,-2.86,SL,1
114899,EXCL,2022-12-05,2022-12-07,2003.85,1948.95,-2.74,SL,2
114900,EXCL,2022-12-23,2023-01-03,1820.89,1932.06,6.11,TP,7
114901,EXCL,2023-02-21,2023-02-23,2038.7,1978.48,-2.95,SL,2
114902,EXCL,2023-05-05,2023-05-11,1594.37,1702.74,6.8,TP,4
114903,EXCL,2023-07-21,2023-07-25,1843.38,1793.43,-2.71,SL,2
114904,EXCL,2023-08-29,2023-09-07,2208.49,2145.79,-2.84,SL,7
114905,EXCL,2023-10-04,2023-10-05,2172.87,2103.95,-3.17,SL,1
114906,EXCL,2023-11-24,2023-12-11,1861.19,1787.91,-3.94,SL,11
114907,EXCL,2023-12-27,2024-01-08,1789.94,1906.46,6.51,TP,7
114908,EXCL,2024-03-01,2024-03-04,2137.25,2278.97,6.63,TP,1
114909,EXCL,2024-04-24,2024-05-13,2128.34,2310.94,8.58,TP,10
114910,EXCL,2024-09-27,2024-09-30,2132.9,2079.58,-2.5,SL,1
114911,EXCL,2024-10-11,2024-10-14,2123.82,2065.34,-2.75,SL,1
114912,EXCL,2025-03-11,2025-03-25,2060.29,2028.35,-1.55,SL,10
114913,EXCL,2025-04-08,2025-04-09,1969.53,2046.83,3.92,TP,1
114914,EXCL,2025-04-11,2025-04-22,2033.06,1982.11,-2.51,SL,6
114915,EXCL,2025-05-05,2025-05-06,2096.58,2042.17,-2.6,SL,1
114916,EXCL,2025-06-05,2025-06-20,2049.36,2143.99,4.62,TP,9
114917,EXCL,2025-08-13,2025-08-19,2710.44,2885.4,6.45,TP,3
114918,EXCL,2025-09-22,2025-09-23,2644.34,2558.77,-3.24,SL,1
114919,EXCL,2025-10-30,2025-11-21,2427.12,2639.78,8.76,TP,16
114920,EXCL,2026-01-09,2026-01-12,4250.0,4050.99,-4.68,SL,1
114921,EXCL,2026-01-28,2026-01-29,3820.0,3581.97,-6.23,SL,1
114922,EXCL,2026-02-24,2026-03-02,3260.0,3037.52,-6.82,SL,4
114923,EXCL,2026-05-08,2026-05-11,3230.0,3099.9,-4.03,SL,1
114924,EXCL,2026-06-22,2026-06-23,2700.0,2560.17,-5.18,SL,1
114925,EXCL,2026-08-04,2026-08-11,2530.0,2437.67,-3.65,SL,5
114926,GOTO,2023-07-18,2023-07-21,117.0,112.12,-4.17,SL,2
114927,GOTO,2024-02-02,2024-02-05,90.0,85.4,-5.11,SL,1
114928,GOTO,2024-02-13,2024-02-16,86.0,83.0,-3.49,SELL_SIGNAL,2
114929,GOTO,2024-11-20,2024-11-29,74.0,70.16,-5.19,SL,6
114930,GOTO,2025-01-07,2025-02-07,81.0,83.0,2.47,TIME_EXIT,20
114931,GOTO,2025-03-07,2025-03-14,82.0,78.15,-4.7,SL,5
114932,GOTO,2025-03-19,2025-03-21,84.0,79.79,-5.01,SL,2
114933,GOTO,2025-04-08,2025-04-09,71.0,67.16,-5.41,SL,1
114934,GOTO,2025-09-29,2025-09-30,57.0,54.97,-3.56,SL,1
114935,GOTO,2025-12-09,2025-12-10,72.0,69.0,-4.17,SL,1
114936,GOTO,2026-01-15,2026-01-19,69.0,66.04,-4.29,SL,1
114937,HRTA,2021-11-12,2021-11-15,202.78,197.35,-2.68,SL,1
114938,HRTA,2022-03-29,2022-04-01,180.99,176.58,-2.44,SL,3
114939,HRTA,2022-06-22,2022-06-23,179.31,175.97,-1.87,SL,1
114940,HRTA,2022-08-19,2022-08-24,186.43,181.04,-2.89,SL,3
114941,HRTA,2022-09-14,2022-09-16,184.67,191.85,3.89,TP,2
114942,HRTA,2022-10-24,2022-11-02,181.16,177.64,-1.94,SELL_SIGNAL,7
114943,HRTA,2022-11-10,2022-12-08,179.4,176.13,-1.82,SL,20
114944,HRTA,2023-01-05,2023-01-06,181.16,178.35,-1.55,SL,1
114945,HRTA,2023-01-12,2023-01-16,181.16,186.81,3.12,TP,2
114946,HRTA,2023-02-15,2023-02-20,188.19,195.25,3.75,TP,3
114947,HRTA,2023-03-21,2023-03-24,351.76,328.46,-6.62,SL,1
114948,HRTA,2023-03-31,2023-04-10,330.65,307.64,-6.96,SL,5
114949,HRTA,2023-05-19,2023-05-22,365.83,344.0,-5.97,SL,1
114950,HRTA,2023-06-22,2023-06-23,422.19,393.86,-6.71,SL,1
114951,HRTA,2023-07-28,2023-08-10,429.47,483.23,12.52,TP,9
114952,HRTA,2024-08-21,2024-08-22,383.59,370.31,-3.46,SL,1
114953,HRTA,2025-04-11,2025-04-14,519.64,595.66,14.63,TP,1
114954,HRTA,2025-06-16,2025-06-17,694.43,653.71,-5.86,SL,1
114955,HRTA,2025-07-18,2025-08-04,615.92,674.08,9.44,TP,11
114956,HRTA,2025-09-03,2025-09-04,738.13,806.2,9.22,TP,1
114957,HRTA,2025-09-30,2025-10-06,923.88,1017.49,10.13,TP,4
114958,HRTA,2025-11-14,2025-11-17,1368.72,1266.63,-7.46,SL,1
114959,HRTA,2025-11-27,2025-12-12,1486.03,1668.35,12.27,TP,11
114960,HRTA,2026-02-13,2026-02-26,2541.9,2936.84,15.54,TP,7
114961,HRTA,2026-04-10,2026-04-21,2532.12,2918.79,15.27,TP,7
114962,ICBP,2022-02-02,2022-02-03,7712.66,7577.19,-1.76,SL,1
114963,ICBP,2022-02-14,2022-02-15,7580.06,7449.77,-1.72,SL,1
114964,ICBP,2022-02-24,2022-02-25,7668.46,7538.13,-1.7,SL,1
114965,ICBP,2022-09-19,2022-09-23,7813.0,8119.28,3.92,TP,4
114966,ICBP,2022-10-10,2022-10-14,8062.11,7890.11,-2.13,SL,4
114967,ICBP,2022-10-19,2022-10-20,8107.4,8430.86,3.99,TP,1
114968,ICBP,2022-12-01,2022-12-29,9149.14,8981.59,-1.83,SL,20
114969,ICBP,2023-01-12,2023-01-13,9534.12,9330.38,-2.14,SL,1
114970,ICBP,2023-03-27,2023-04-28,9058.55,9528.63,5.19,TP,18
114971,ICBP,2023-06-05,2023-06-06,10485.27,10303.46,-1.73,SL,1
114972,ICBP,2023-07-12,2023-07-18,10776.22,10598.0,-1.65,SL,4
114973,ICBP,2023-08-14,2023-08-25,10592.01,10382.4,-1.98,SL,8
114974,ICBP,2023-09-25,2023-09-26,10522.93,10312.88,-2.0,SL,1
114975,ICBP,2024-02-01,2024-02-21,10707.14,10459.92,-2.31,SL,11
114976,ICBP,2024-07-09,2024-07-17,9672.77,10110.93,4.53,TP,6
114977,ICBP,2024-09-23,2024-09-24,11386.63,11855.89,4.12,TP,1
114978,ICBP,2024-10-21,2024-10-22,12020.53,11696.51,-2.7,SL,1
114979,ICBP,2025-01-23,2025-01-24,10705.78,10401.9,-2.84,SL,1
114980,ICBP,2025-08-19,2025-08-20,9521.16,9278.75,-2.55,SL,1
114981,ICBP,2025-10-21,2025-10-22,9136.46,8858.4,-3.04,SL,1
114982,ICBP,2026-01-20,2026-01-22,7790.04,8057.09,3.43,TP,2
114983,ICBP,2026-02-03,2026-02-06,8030.47,7789.75,-3.0,SL,3
114984,ICBP,2026-04-01,2026-04-22,7068.74,6846.17,-3.15,SL,14
114985,ICBP,2026-05-08,2026-05-11,6900.43,6727.95,-2.5,SL,1
114986,INCO,2021-11-24,2021-11-26,4672.56,4584.28,-1.89,SL,2
114987,INCO,2022-01-17,2022-01-18,4548.34,4422.83,-2.76,SL,1
114988,INCO,2022-02-21,2022-02-24,4701.22,4949.44,5.28,TP,3
114989,INCO,2022-09-13,2022-09-27,6306.52,6069.4,-3.76,SL,10
114990,INCO,2022-10-07,2022-10-10,6497.63,6272.55,-3.46,SL,1
114991,INCO,2022-10-20,2022-10-21,6569.29,6364.66,-3.12,SL,1
114992,INCO,2022-11-08,2022-11-17,6832.07,6628.74,-2.98,SL,7
114993,INCO,2022-12-01,2022-12-06,7118.73,6904.9,-3.0,SL,3
114994,INCO,2023-01-09,2023-01-10,7070.95,6868.86,-2.86,SL,1
114995,INCO,2023-02-02,2023-02-03,7190.39,6988.61,-2.81,SL,1
114996,INCO,2023-07-12,2023-07-25,6245.53,6521.89,4.42,TP,8
114997,INCO,2024-02-13,2024-02-16,3979.71,3839.8,-3.52,SL,2
114998,INCO,2024-04-17,2024-04-18,4279.88,4141.74,-3.23,SL,1
114999,INCO,2024-05-08,2024-05-13,4512.28,4349.17,-3.61,SL,1
115000,INCO,2025-01-15,2025-01-16,3582.71,3481.43,-2.83,SL,1
115001,INCO,2025-07-22,2025-07-31,3636.65,3492.07,-3.98,SL,7
115002,INCO,2025-08-07,2025-08-15,3833.23,3686.7,-3.82,SL,6
115003,INCO,2025-09-08,2025-09-11,3843.06,3688.12,-4.03,SL,3
115004,INCO,2025-09-15,2025-09-24,3941.35,4281.66,8.63,TP,7
115005,INCO,2025-10-09,2025-10-14,4403.3,4204.29,-4.52,SL,3
115006,INCO,2025-10-31,2025-11-05,4619.53,4435.8,-3.98,SL,3
115007,INCO,2026-02-18,2026-02-27,6880.15,7760.87,12.8,TP,7
115008,INCO,2026-04-09,2026-04-27,6069.28,6948.35,14.48,TP,12
115009,INCO,2026-07-31,2026-08-04,5025.0,5485.76,9.17,TP,2
115010,INDF,2021-11-19,2021-11-24,5414.82,5315.76,-1.83,SL,3
115011,INDF,2021-12-02,2021-12-07,5353.29,5223.55,-2.42,SL,3
115012,INDF,2022-01-11,2022-01-25,5291.76,5199.21,-1.75,SL,10
115013,INDF,2022-06-02,2022-06-08,5496.86,5731.99,4.28,TP,4
115014,INDF,2022-07-22,2022-07-25,5886.57,5761.1,-2.13,SL,1
115015,INDF,2022-12-05,2023-01-02,5791.75,5791.75,0.0,TIME_EXIT,20
115016,INDF,2023-01-20,2023-01-26,5877.23,5750.97,-2.15,SL,3
115017,INDF,2023-02-13,2023-02-14,5855.86,5742.68,-1.93,SL,1
115018,INDF,2023-07-12,2023-07-25,6485.66,6371.54,-1.76,SL,8
115019,INDF,2024-04-03,2024-04-04,5843.73,5745.68,-1.68,SL,1
115020,INDF,2024-07-01,2024-07-18,5378.89,5599.23,4.1,TP,13
115021,INDF,2024-08-09,2024-08-14,5759.74,5956.43,3.41,TP,3
115022,INDF,2024-09-06,2024-09-13,6407.42,6656.58,3.89,TP,5
115023,INDF,2024-10-21,2024-11-01,6846.92,6713.72,-1.95,SL,9
115024,INDF,2024-11-06,2024-11-11,7286.42,7115.07,-2.35,SL,3
115025,INDF,2024-12-09,2024-12-10,7286.42,7571.21,3.91,TP,1
115026,INDF,2025-04-09,2025-04-30,6569.34,7093.12,7.97,TP,14
115027,INDF,2025-06-11,2025-06-19,7656.53,7438.68,-2.85,SL,6
115028,INDF,2025-07-04,2025-07-31,7783.51,8168.23,4.94,TP,19
115029,INDF,2025-10-21,2025-10-23,7017.14,6833.26,-2.62,SL,2
115030,INKP,2021-12-28,2021-12-30,7915.45,7644.05,-3.43,SL,2
115031,INKP,2022-10-28,2022-11-03,9007.73,9567.31,6.21,TP,4
115032,INKP,2023-01-13,2023-01-26,8475.02,8218.1,-3.03,SL,8
115033,INKP,2023-06-09,2023-06-14,7144.07,7529.62,5.4,TP,3
115034,INKP,2023-08-08,2023-08-18,9387.26,9107.04,-2.99,SL,7
115035,INKP,2023-09-12,2023-09-19,9972.44,10599.71,6.29,TP,5
115036,INKP,2023-12-21,2024-01-09,8192.51,7898.89,-3.58,SL,10
115037,INKP,2024-02-05,2024-02-06,7948.69,7721.42,-2.86,SL,1
115038,INKP,2024-05-20,2024-05-27,9557.93,9235.07,-3.38,SL,3
115039,INKP,2024-09-11,2024-09-12,8410.31,8191.68,-2.6,SL,1
115040,INKP,2025-10-13,2025-10-15,7518.57,7209.99,-4.1,SL,2
115041,INKP,2025-11-13,2025-11-14,7691.7,7451.0,-3.13,SL,1
115042,INKP,2026-01-02,2026-01-06,8408.93,8966.19,6.63,TP,2
115043,INKP,2026-02-19,2026-02-25,9769.2,10711.64,9.65,TP,4
115044,INKP,2026-03-31,2026-04-06,9917.59,9323.2,-5.99,SL,3
115045,INKP,2026-04-16,2026-04-24,10090.71,9623.13,-4.63,SL,6
115046,INKP,2026-06-11,2026-06-22,7864.82,7331.79,-6.78,SL,6
115047,ISAT,2021-11-29,2021-11-30,1382.82,1481.16,7.11,TP,1
115048,ISAT,2022-06-09,2022-06-14,1290.52,1437.59,11.4,TP,3
115049,ISAT,2022-07-26,2022-07-27,1363.37,1304.42,-4.32,SL,1
115050,ISAT,2022-09-27,2022-09-28,1611.42,1559.64,-3.21,SL,1
115051,ISAT,2022-10-04,2022-10-05,1595.25,1541.79,-3.35,SL,1
115052,ISAT,2022-11-01,2022-11-09,1465.91,1404.62,-4.18,SL,6
115053,ISAT,2023-02-14,2023-02-17,1336.56,1422.96,6.46,TP,3
115054,ISAT,2023-05-02,2023-05-04,1530.58,1614.65,5.49,TP,2
115055,ISAT,2023-05-25,2023-05-30,1737.54,1851.34,6.55,TP,3
115056,ISAT,2023-08-10,2023-09-08,2088.39,2194.21,5.07,TIME_EXIT,20
115057,ISAT,2023-09-18,2023-09-21,2227.62,2173.06,-2.45,SL,3
115058,ISAT,2023-10-04,2023-10-06,2333.43,2265.63,-2.91,SL,2
115059,ISAT,2024-01-05,2024-01-15,2099.53,2200.84,4.83,TP,6
115060,ISAT,2024-02-16,2024-02-19,2227.62,2167.08,-2.72,SL,1
115061,ISAT,2024-02-22,2024-02-23,2199.78,2318.69,5.41,TP,1
115062,ISAT,2024-04-30,2024-05-02,2517.21,2415.42,-4.04,SL,1
115063,ISAT,2024-08-16,2024-08-22,2573.8,2467.94,-4.11,SL,4
115064,ISAT,2024-09-06,2024-09-18,2522.32,2437.67,-3.36,SL,7
115065,ISAT,2025-10-09,2025-10-14,1744.29,1676.9,-3.86,SL,3
115066,ISAT,2026-01-23,2026-01-28,2325.72,2229.01,-4.16,SL,3
115067,ISAT,2026-02-18,2026-03-04,2125.56,2018.78,-5.02,SL,10
115068,ISAT,2026-05-05,2026-05-08,2001.65,2151.23,7.47,TP,3
115069,ISAT,2026-08-10,2026-08-11,2210.0,2114.95,-4.3,SL,1
115070,ITMG,2021-12-29,2021-12-30,9976.19,9659.33,-3.18,SL,1
115071,ITMG,2022-05-12,2022-05-13,15096.17,16215.62,7.42,TP,1
115072,ITMG,2022-07-13,2022-07-18,17603.49,16918.04,-3.89,SL,3
115073,ITMG,2022-09-02,2022-09-05,21103.3,22309.11,5.71,TP,1
115074,ITMG,2022-10-25,2022-11-01,23062.14,22498.35,-2.44,SL,5
115075,ITMG,2022-11-22,2022-11-30,23273.91,24533.81,5.41,TP,6
115076,ITMG,2023-01-24,2023-01-25,22110.22,21430.55,-3.07,SL,1
115077,ITMG,2023-02-08,2023-02-09,21382.91,20670.43,-3.33,SL,1
115078,ITMG,2023-08-23,2023-08-24,20429.43,19997.97,-2.11,SL,1
115079,ITMG,2023-10-23,2023-10-24,21293.37,20842.28,-2.12,SL,1
115080,ITMG,2024-02-16,2024-02-20,20536.94,20173.46,-1.77,SL,2
115081,ITMG,2024-03-06,2024-03-21,20555.85,21264.63,3.45,TP,9
115082,ITMG,2024-04-19,2024-04-23,21006.4,20613.02,-1.87,SL,2
115083,ITMG,2024-08-05,2024-08-06,21733.55,21303.76,-1.98,SL,1
115084,ITMG,2024-08-23,2024-09-02,21592.16,22433.34,3.9,TP,6
115085,ITMG,2024-09-25,2024-09-26,22760.16,22418.81,-1.5,SL,1
115086,ITMG,2024-11-13,2024-11-21,22421.72,23019.71,2.67,TP,6
115087,ITMG,2025-03-27,2025-04-08,19418.05,18923.77,-2.55,SL,1
115088,ITMG,2026-02-19,2026-03-02,21502.86,22098.17,2.77,TP,7
115089,ITMG,2026-05-05,2026-05-06,27000.0,26137.1,-3.2,SL,1
115090,ITMG,2026-06-12,2026-06-15,22375.0,23872.53,6.69,TP,1
115091,ITMG,2026-08-25,2026-08-26,25400.0,25100.0,-1.18,SELL_SIGNAL,1
115092,ITMG,2026-08-28,2026-09-02,25550.0,26436.79,3.47,TP,3
115093,JPFA,2022-02-23,2022-02-24,1307.27,1274.1,-2.54,SL,1
115094,JPFA,2022-03-10,2022-03-11,1327.26,1292.12,-2.65,SL,1
115095,JPFA,2022-06-22,2022-06-27,1221.44,1293.81,5.93,TP,3
115096,JPFA,2022-08-19,2022-08-22,1350.23,1315.47,-2.57,SL,1
115097,JPFA,2022-11-02,2022-11-03,1175.74,1145.63,-2.56,SL,1
115098,JPFA,2023-01-30,2023-02-27,1113.42,1087.58,-2.32,SL,20
115099,JPFA,2023-06-23,2023-07-03,1114.45,1172.07,5.17,TP,3
115100,JPFA,2023-08-11,2023-08-24,1162.34,1124.02,-3.3,SL,8
115101,JPFA,2023-09-26,2023-09-27,1088.33,1156.36,6.25,TP,1
115102,JPFA,2023-11-15,2023-11-29,1057.86,1019.96,-3.58,SL,10
115103,JPFA,2024-02-05,2024-02-06,992.56,968.82,-2.39,SL,1
115104,JPFA,2024-05-06,2024-05-13,1079.62,1163.19,7.74,TP,3
115105,JPFA,2024-06-25,2024-07-05,1271.17,1369.1,7.7,TP,8
115106,JPFA,2024-08-29,2024-08-30,1427.89,1384.41,-3.04,SL,1
115107,JPFA,2024-10-11,2024-10-15,1310.35,1381.58,5.44,TP,2
115108,JPFA,2024-12-06,2024-12-09,1661.43,1766.03,6.3,TP,1
115109,JPFA,2025-01-22,2025-01-23,1784.33,1715.58,-3.85,SL,1
115110,JPFA,2025-01-30,2025-02-03,1875.36,1793.52,-4.36,SL,2
115111,JPFA,2025-03-06,2025-03-17,1939.09,1859.48,-4.11,SL,7
115112,JPFA,2025-04-17,2025-04-21,1866.26,1779.72,-4.64,SL,1
115113,JPFA,2025-05-16,2025-05-21,1748.43,1679.47,-3.94,SL,3
115114,JPFA,2025-08-04,2025-08-06,1592.49,1531.8,-3.81,SL,2
115115,JPFA,2025-10-14,2025-10-15,2060.31,2249.34,9.17,TP,1
115116,JPFA,2025-12-02,2025-12-09,2513.96,2398.1,-4.61,SL,5
115117,JPFA,2025-12-18,2025-12-19,2646.27,2521.01,-4.73,SL,1
115118,JPFA,2026-01-05,2026-01-06,2731.33,2612.14,-4.36,SL,1
115119,JPFA,2026-01-21,2026-01-26,2778.59,2644.04,-4.84,SL,3
115120,JPFA,2026-05-12,2026-05-13,2530.0,2427.32,-4.06,SL,1
115121,JPFA,2026-06-26,2026-07-24,2000.0,2130.0,6.5,TIME_EXIT,20
115122,JPFA,2026-09-04,2026-09-07,2400.0,2320.84,-3.3,SL,1
115123,KLBF,2022-03-01,2022-03-02,1462.95,1420.71,-2.89,SL,1
115124,KLBF,2022-06-24,2022-06-30,1563.63,1531.17,-2.08,SL,4
115125,KLBF,2022-07-15,2022-07-18,1577.35,1544.16,-2.1,SL,1
115126,KLBF,2022-07-21,2022-07-22,1581.92,1546.34,-2.25,SL,1
115127,KLBF,2022-10-20,2022-10-25,1792.23,1889.19,5.41,TP,3
115128,KLBF,2022-11-22,2022-11-23,1965.97,1906.85,-3.01,SL,1
115129,KLBF,2022-11-25,2022-12-06,1874.53,1809.7,-3.46,SL,7
115130,KLBF,2022-12-13,2022-12-15,1975.11,1901.9,-3.71,SL,2
115131,KLBF,2022-12-20,2022-12-22,1947.68,1872.36,-3.87,SL,2
115132,KLBF,2023-01-20,2023-01-24,1920.25,1865.94,-2.83,SL,1
115133,KLBF,2023-01-31,2023-02-01,1965.97,1911.74,-2.76,SL,1
115134,KLBF,2023-03-20,2023-03-21,2029.98,1964.61,-3.22,SL,1
115135,KLBF,2023-06-19,2023-06-23,1917.89,1862.85,-2.87,SL,4
115136,KLBF,2023-07-17,2023-07-18,1927.2,1883.48,-2.27,SL,1
115137,KLBF,2023-09-12,2023-09-13,1727.03,1678.83,-2.79,SL,1
115138,KLBF,2023-10-18,2023-10-19,1699.1,1653.95,-2.66,SL,1
115139,KLBF,2024-03-01,2024-03-08,1382.55,1348.16,-2.49,SL,5
115140,KLBF,2024-05-03,2024-05-06,1401.17,1357.88,-3.09,SL,1
115141,KLBF,2024-08-01,2024-08-08,1510.52,1578.91,4.53,TP,5
115142,KLBF,2024-08-22,2024-08-30,1624.52,1583.16,-2.55,SL,6
115143,KLBF,2024-11-26,2024-12-02,1444.02,1402.45,-2.88,SL,3
115144,KLBF,2025-03-24,2025-04-08,1054.51,1009.17,-4.3,SL,4
115145,KLBF,2026-01-23,2026-01-26,1191.44,1157.66,-2.84,SL,1
115146,KLBF,2026-02-26,2026-02-27,1084.45,1051.13,-3.07,SL,1
115147,KLBF,2026-05-11,2026-05-12,899.66,870.39,-3.25,SL,1
115148,KLBF,2026-06-15,2026-06-18,740.0,707.06,-4.45,SL,2
115149,KLBF,2026-07-20,2026-07-22,760.0,729.12,-4.06,SL,2
115150,MAPI,2022-02-02,2022-02-07,760.53,727.99,-4.28,SL,3
115151,MAPI,2022-02-10,2022-02-14,765.4,731.24,-4.46,SL,2
115152,MAPI,2022-03-11,2022-03-15,848.28,810.8,-4.42,SL,2
115153,MAPI,2022-03-18,2022-04-12,789.78,867.69,9.87,TP,17
115154,MAPI,2022-06-06,2022-06-13,916.53,877.88,-4.22,SL,5
115155,MAPI,2022-06-30,2022-07-01,965.28,927.32,-3.93,SL,1
115156,MAPI,2022-07-21,2022-07-22,926.28,886.05,-4.34,SL,1
115157,MAPI,2022-08-02,2022-08-03,877.53,950.29,8.29,TP,1
115158,MAPI,2022-09-15,2022-09-20,1023.79,1109.2,8.34,TP,3
115159,MAPI,2022-10-12,2022-10-20,1121.29,1229.06,9.61,TP,6
115160,MAPI,2022-11-02,2022-11-17,1248.04,1179.8,-5.47,SL,11
115161,MAPI,2022-11-25,2022-11-29,1345.55,1466.77,9.01,TP,2
115162,MAPI,2023-01-20,2023-01-25,1365.05,1302.24,-4.6,SL,2
115163,MAPI,2023-02-02,2023-02-13,1365.05,1502.54,10.07,TP,7
115164,MAPI,2023-03-03,2023-03-09,1579.56,1509.34,-4.45,SL,4
115165,MAPI,2023-03-30,2023-03-31,1584.43,1507.45,-4.86,SL,1
115166,MAPI,2023-07-12,2023-07-20,1773.28,1908.9,7.65,TP,5
115167,MAPI,2023-10-26,2023-10-27,1910.44,1845.23,-3.41,SL,1
115168,MAPI,2024-03-07,2024-03-08,1915.34,1865.39,-2.61,SL,1
115169,MAPI,2024-06-05,2024-06-10,1430.38,1359.28,-4.97,SL,3
115170,MAPI,2024-12-13,2024-12-16,1438.6,1376.17,-4.34,SL,1
115171,MAPI,2024-12-27,2024-12-30,1389.34,1328.14,-4.41,SL,1
115172,MAPI,2025-02-19,2025-03-12,1379.48,1510.29,9.48,TP,15
115173,MAPI,2025-05-15,2025-05-21,1325.29,1263.52,-4.66,SL,4
115174,MAPI,2025-05-28,2025-06-02,1330.22,1269.57,-4.56,SL,1
115175,MAPI,2025-08-01,2025-08-14,1182.17,1287.26,8.89,TP,9
115176,MAPI,2026-01-15,2026-01-20,1182.17,1149.71,-2.75,SL,2
115177,MAPI,2026-02-12,2026-03-02,1321.25,1268.75,-3.97,SL,10
115178,MAPI,2026-04-01,2026-04-30,1226.88,1207.01,-1.62,TIME_EXIT,20
115179,MAPI,2026-05-11,2026-06-09,1480.2,1480.2,0.0,TIME_EXIT,20
115180,MAPI,2026-08-03,2026-08-04,1560.0,1651.89,5.89,TP,1
115181,MBMA,2023-11-28,2023-12-01,630.0,592.5,-5.95,SL,3
115182,MBMA,2023-12-21,2024-01-09,560.0,521.48,-6.88,SL,10
115183,MBMA,2024-08-29,2024-09-04,560.0,536.49,-4.2,SL,4
115184,MBMA,2024-11-01,2024-11-06,540.0,525.0,-2.78,SELL_SIGNAL,3
115185,MBMA,2024-11-15,2024-11-18,530.0,506.28,-4.47,SL,1
115186,MBMA,2024-11-25,2024-11-26,550.0,524.45,-4.65,SL,1
115187,MBMA,2025-03-18,2025-03-19,326.0,302.82,-7.11,SL,1
115188,MBMA,2025-04-15,2025-05-05,284.0,337.42,18.81,TP,12
115189,MBMA,2025-10-31,2025-11-05,655.0,609.49,-6.95,SL,3
115190,MBMA,2025-11-11,2025-11-13,695.0,653.35,-5.99,SL,2
115191,MBMA,2026-02-19,2026-03-03,830.0,771.31,-7.07,SL,8
115192,MBMA,2026-04-09,2026-04-22,765.0,708.23,-7.42,SL,9
115193,MBMA,2026-08-05,2026-08-11,550.0,525.1,-4.53,SL,4
115194,MBMA,2026-08-21,2026-08-27,570.0,539.49,-5.35,SL,3
115195,MDKA,2022-09-14,2022-09-19,4259.3,4090.52,-3.96,SL,3
115196,MDKA,2023-09-01,2023-09-08,3393.51,3292.75,-2.97,SL,5
115197,MDKA,2023-12-21,2024-01-05,2587.42,2861.25,10.58,TP,8
115198,MDKA,2024-03-13,2024-03-15,2398.34,2303.65,-3.95,SL,2
115199,MDKA,2024-05-29,2024-05-30,2915.83,2807.46,-3.72,SL,1
115200,MDKA,2024-09-25,2024-09-26,2378.44,2508.22,5.46,TP,1
115201,MDKA,2025-01-15,2025-01-30,1627.09,1531.86,-5.85,SL,8
115202,MDKA,2025-02-13,2025-02-14,1497.72,1667.5,11.34,TP,1
115203,MDKA,2025-04-15,2025-04-17,1447.96,1696.63,17.17,TP,2
115204,MDKA,2025-07-14,2025-07-18,2119.7,2330.47,9.94,TP,4
115205,MDKA,2025-08-29,2025-09-01,2438.15,2326.05,-4.6,SL,1
115206,MDKA,2025-10-10,2025-10-27,2318.73,2182.68,-5.87,SL,11
115207,MDKA,2025-10-30,2025-11-17,2438.15,2303.22,-5.53,SL,12
115208,MDKA,2025-12-16,2025-12-18,2338.63,2230.48,-4.62,SL,2
115209,MDKA,2025-12-30,2026-01-06,2288.88,2491.82,8.87,TP,3
115210,MDKA,2026-02-20,2026-03-04,3582.59,3413.41,-4.72,SELL_SIGNAL,8
115211,MDKA,2026-04-16,2026-04-30,3383.56,3207.15,-5.21,SL,10
115212,MDKA,2026-06-08,2026-06-19,2458.05,2910.5,18.41,TP,8
115213,MEDC,2021-12-10,2021-12-14,417.75,401.54,-3.88,SL,2
115214,MEDC,2022-02-25,2022-03-07,516.05,567.37,9.94,TP,4
115215,MEDC,2022-04-20,2022-04-25,458.71,437.23,-4.68,SL,3
115216,MEDC,2022-09-15,2022-09-19,865.13,818.53,-5.39,SL,2
115217,MEDC,2022-10-25,2022-11-04,952.07,1035.66,8.78,TP,8
115218,MEDC,2022-12-13,2022-12-19,986.85,943.55,-4.39,SL,4
115219,MEDC,2023-05-26,2023-06-27,808.61,794.84,-1.7,TIME_EXIT,20
115220,MEDC,2023-07-21,2023-07-24,835.03,883.08,5.75,TP,1
115221,MEDC,2023-12-13,2023-12-27,949.55,1058.98,11.52,TP,8
115222,MEDC,2024-02-19,2024-02-29,1103.29,1173.87,6.4,TP,8
115223,MEDC,2024-04-04,2024-04-18,1415.29,1364.84,-3.56,SL,4
115224,MEDC,2024-05-21,2024-05-22,1338.42,1287.99,-3.77,SL,1
115225,MEDC,2024-08-13,2024-08-15,1257.62,1219.24,-3.05,SL,2
115226,MEDC,2025-03-21,2025-03-24,944.95,913.19,-3.36,SL,1
115227,MEDC,2025-04-11,2025-04-23,944.95,1036.29,9.67,TP,7
115228,MEDC,2025-05-14,2025-05-22,1066.58,1141.43,7.02,TP,6
115229,MEDC,2025-07-30,2025-07-31,1276.5,1233.47,-3.37,SL,1
115230,MEDC,2025-09-04,2025-09-09,1190.76,1146.23,-3.74,SL,2
115231,MEDC,2025-11-25,2025-12-04,1299.85,1254.87,-3.46,SL,7
115232,MEDC,2025-12-24,2026-01-02,1275.51,1359.86,6.61,TP,3
115233,MEDC,2026-02-12,2026-02-19,1538.4,1706.58,10.93,TP,3
115234,MEDC,2026-03-31,2026-04-01,1874.32,1769.74,-5.58,SL,1
115235,MEDC,2026-04-21,2026-05-07,1664.98,1582.67,-4.94,SL,11
115236,MEDC,2026-08-20,2026-08-26,1440.0,1378.5,-4.27,SL,4
115237,MEDC,2026-09-02,2026-09-10,1490.0,1600.42,7.41,TP,6
115238,PGAS,2021-11-25,2021-11-26,1043.77,1014.64,-2.79,SL,1
115239,PGAS,2022-08-22,2022-08-23,1170.36,1236.74,5.67,TP,1
115240,PGAS,2022-10-11,2022-10-12,1252.49,1213.89,-3.08,SL,1
115241,PGAS,2022-11-25,2022-12-06,1283.29,1250.45,-2.56,SL,7
115242,PGAS,2023-01-24,2023-01-25,1119.03,1088.17,-2.76,SL,1
115243,PGAS,2023-03-03,2023-03-07,1095.08,1070.05,-2.29,SL,2
115244,PGAS,2023-04-05,2023-04-10,961.61,931.45,-3.14,SL,2
115245,PGAS,2023-05-30,2023-06-16,965.04,1015.12,5.19,TP,11
115246,PGAS,2023-07-05,2023-07-21,1017.49,1055.43,3.73,TP,11
115247,PGAS,2024-02-01,2024-02-02,888.41,868.47,-2.24,SL,1
115248,PGAS,2024-03-14,2024-03-15,888.41,928.4,4.5,TP,1
115249,PGAS,2024-05-03,2024-05-20,1112.41,1186.99,6.7,TP,9
115250,PGAS,2024-06-26,2024-07-01,1302.21,1264.72,-2.88,SL,3
115251,PGAS,2024-08-16,2024-08-23,1352.45,1412.54,4.44,TP,5
115252,PGAS,2024-10-07,2024-10-30,1268.71,1241.19,-2.17,SL,17
115253,PGAS,2024-11-01,2024-11-04,1310.58,1283.06,-2.1,SL,1
115254,PGAS,2024-11-08,2024-11-11,1314.77,1286.55,-2.15,SL,1
115255,PGAS,2024-11-26,2024-11-28,1314.77,1284.78,-2.28,SL,1
115256,PGAS,2025-01-03,2025-01-06,1348.27,1414.38,4.9,TP,1
115257,PGAS,2025-02-17,2025-02-26,1381.76,1341.86,-2.89,SL,7
115258,PGAS,2025-03-19,2025-04-08,1264.52,1219.84,-3.53,SL,7
115259,PGAS,2025-05-20,2025-05-28,1465.51,1548.33,5.65,TP,6
115260,PGAS,2025-07-21,2025-07-22,1524.87,1488.61,-2.38,SL,1
115261,PGAS,2025-08-29,2025-09-01,1585.12,1550.65,-2.17,SL,1
115262,PGAS,2025-09-04,2025-09-08,1640.74,1600.05,-2.48,SL,1
115263,PGAS,2025-09-12,2025-09-22,1640.74,1599.65,-2.5,SL,6
115264,PGAS,2025-10-22,2025-10-23,1594.39,1553.48,-2.57,SL,1
115265,PGAS,2025-12-01,2025-12-02,1733.44,1694.53,-2.24,SL,1
115266,PGAS,2025-12-23,2026-01-07,1770.52,1725.06,-2.57,SL,7
115267,PGAS,2026-02-09,2026-02-27,2039.34,2210.0,8.37,TP,12
115268,PGAS,2026-05-26,2026-05-29,1747.34,1697.09,-2.88,SL,3
115269,PGEO,2023-07-31,2023-08-02,708.03,759.43,7.26,TP,2
115270,PGEO,2023-12-07,2023-12-12,993.87,935.1,-5.91,SL,3
115271,PGEO,2024-01-18,2024-01-26,1108.21,1204.98,8.73,TP,6
115272,PGEO,2024-04-16,2024-05-06,1046.65,1103.34,5.42,TP,13
115273,PGEO,2024-12-23,2024-12-30,893.41,863.56,-3.34,SL,3
115274,PGEO,2025-03-27,2025-04-08,751.38,714.71,-4.88,SL,1
115275,PGEO,2025-07-16,2025-07-17,1565.26,1494.5,-4.52,SL,1
115276,PGEO,2025-07-29,2025-08-01,1608.08,1530.03,-4.85,SL,3
115277,PGEO,2026-02-12,2026-02-18,1141.83,1089.11,-4.62,SL,2
115278,PGEO,2026-05-05,2026-05-08,1030.0,996.64,-3.24,SL,3
115279,PGEO,2026-06-17,2026-06-25,885.0,842.2,-4.84,SL,6
115280,PGEO,2026-08-07,2026-08-11,1100.0,1059.67,-3.67,SL,2
115281,PTBA,2021-12-29,2021-12-30,1230.06,1198.92,-2.53,SL,1
115282,PTBA,2022-01-10,2022-02-08,1225.67,1247.64,1.79,TIME_EXIT,20
115283,PTBA,2022-02-15,2022-02-24,1278.39,1337.98,4.66,TP,7
115284,PTBA,2022-07-25,2022-07-29,2105.48,2235.61,6.18,TP,4
115285,PTBA,2022-08-25,2022-08-31,2234.49,2174.01,-2.71,SL,4
115286,PTBA,2022-09-06,2022-09-07,2322.22,2257.71,-2.78,SL,1
115287,PTBA,2022-10-10,2022-10-18,2182.88,2133.86,-2.25,SL,6
115288,PTBA,2023-02-08,2023-02-09,1806.17,1757.08,-2.72,SL,1
115289,PTBA,2023-04-27,2023-05-02,2136.44,2085.12,-2.4,SL,2
115290,PTBA,2023-08-23,2023-08-25,2205.43,2160.2,-2.05,SL,2
115291,PTBA,2023-09-07,2023-09-11,2176.12,2129.25,-2.15,SL,2
115292,PTBA,2024-03-06,2024-03-08,2022.25,2106.65,4.17,TP,2
115293,PTBA,2024-04-17,2024-04-18,2286.02,2234.94,-2.23,SL,1
115294,PTBA,2024-06-05,2024-06-06,2178.78,2122.64,-2.58,SL,1
115295,PTBA,2024-08-15,2024-09-03,2305.95,2410.14,4.52,TP,13
115296,PTBA,2024-09-23,2024-09-24,2500.94,2616.18,4.61,TP,1
115297,PTBA,2025-01-02,2025-01-03,2331.38,2277.02,-2.33,SL,1
115298,PTBA,2025-02-17,2025-02-20,2297.47,2243.62,-2.34,SL,3
115299,PTBA,2025-03-27,2025-04-08,2127.91,2063.7,-3.02,SL,1
115300,PTBA,2025-05-19,2025-05-21,2424.64,2364.41,-2.48,SL,2
115301,PTBA,2025-06-02,2025-06-11,2458.55,2567.12,4.42,TP,5
115302,PTBA,2025-10-13,2025-10-14,2235.74,2198.5,-1.67,SL,1
115303,PTBA,2026-02-06,2026-03-02,2465.05,2605.54,5.7,TP,14
115304,SCMA,2021-12-10,2021-12-14,275.57,261.95,-4.94,SL,2
115305,SCMA,2022-03-02,2022-03-04,195.57,183.32,-6.26,SL,1
115306,SCMA,2022-06-17,2022-07-01,171.86,161.72,-5.9,SL,10
115307,SCMA,2022-07-18,2022-08-04,163.47,181.98,11.32,TP,13
115308,SCMA,2022-10-07,2022-10-10,172.47,165.95,-3.79,SL,1
115309,SCMA,2023-05-09,2023-05-15,127.48,122.21,-4.14,SL,4
115310,SCMA,2024-06-25,2024-07-23,115.59,113.97,-1.4,TIME_EXIT,20
115311,SCMA,2024-11-29,2024-12-06,110.27,118.85,7.78,TP,5
115312,SCMA,2025-01-22,2025-02-07,148.99,167.77,12.61,TP,9
115313,SCMA,2025-04-28,2025-05-16,168.35,159.99,-4.97,SL,11
115314,SCMA,2025-09-29,2025-09-30,331.73,311.99,-5.95,SL,1
115315,SCMA,2025-10-02,2025-10-08,366.75,414.28,12.96,TP,4
115316,SCMA,2025-11-10,2025-11-13,352.0,331.03,-5.96,SL,3
115317,SCMA,2025-11-20,2025-12-03,349.44,386.58,10.63,TP,9
115318,SCMA,2026-02-11,2026-03-02,273.89,248.97,-9.1,SL,11
115319,SMGR,2022-03-29,2022-04-11,5892.56,5695.04,-3.35,SL,9
115320,SMGR,2022-04-28,2022-05-09,5759.9,5578.59,-3.15,SL,1
115321,SMGR,2022-10-20,2022-10-24,6916.33,6715.97,-2.9,SL,2
115322,SMGR,2022-11-01,2022-11-09,7072.01,6884.95,-2.64,SL,6
115323,SMGR,2023-08-04,2023-08-07,6726.9,6522.12,-3.04,SL,1
115324,SMGR,2023-09-12,2023-09-13,6610.52,6463.7,-2.22,SL,1
115325,SMGR,2023-11-07,2023-11-10,6028.61,5855.95,-2.86,SL,3
115326,SMGR,2024-08-15,2024-09-04,3868.97,3783.42,-2.21,SELL_SIGNAL,14
115327,SMGR,2024-10-04,2024-10-11,3859.47,4030.89,4.44,TP,5
115328,SMGR,2024-12-12,2024-12-16,3289.1,3179.31,-3.34,SL,2
115329,SMGR,2025-02-17,2025-02-26,2652.2,2529.9,-4.61,SL,7
115330,SMGR,2025-04-15,2025-05-09,2367.01,2290.97,-3.21,SELL_SIGNAL,16
115331,SMGR,2025-05-20,2025-05-21,2595.16,2470.6,-4.8,SL,1
115332,SMGR,2025-09-15,2025-10-02,2855.23,2762.9,-3.23,SL,13
115333,SMGR,2025-10-24,2025-11-06,2618.93,2802.65,7.01,TP,9
115334,SMGR,2025-11-27,2025-11-28,2914.3,2793.17,-4.16,SL,1
115335,SMGR,2026-04-16,2026-04-23,2382.64,2285.15,-4.09,SL,5
115336,SMGR,2026-09-02,2026-09-14,1725.0,1653.52,-4.14,SL,8
115337,TLKM,2021-11-22,2021-11-23,2931.27,2864.43,-2.28,SL,1
115338,TLKM,2022-01-19,2022-02-02,3185.51,3121.34,-2.01,SL,9
115339,TLKM,2022-02-11,2022-02-14,3364.98,3299.29,-1.95,SL,1
115340,TLKM,2022-03-08,2022-03-09,3439.75,3350.3,-2.6,SL,1
115341,TLKM,2022-04-14,2022-04-21,3514.53,3449.57,-1.85,SL,4
115342,TLKM,2022-06-02,2022-06-06,3282.72,3199.63,-2.53,SL,2
115343,TLKM,2022-08-24,2022-08-26,3612.08,3522.34,-2.48,SL,2
115344,TLKM,2022-12-01,2022-12-02,3116.0,3056.55,-1.91,SL,1
115345,TLKM,2023-07-04,2023-07-13,3230.98,3182.31,-1.51,SL,7
115346,TLKM,2023-08-11,2023-08-14,3093.66,3041.64,-1.68,SL,1
115347,TLKM,2023-08-31,2023-09-01,3077.51,3029.66,-1.55,SL,1
115348,TLKM,2023-09-18,2023-09-20,2988.66,3086.11,3.26,TP,2
115349,TLKM,2023-11-16,2023-11-27,2867.49,2993.59,4.4,TP,7
115350,TLKM,2024-02-19,2024-02-23,3335.99,3284.21,-1.55,SL,4
115351,TLKM,2024-06-24,2024-06-28,2511.3,2672.16,6.41,TP,4
115352,TLKM,2024-08-19,2024-09-02,2537.01,2668.34,5.18,TP,10
115353,TLKM,2024-11-21,2024-12-11,2297.02,2446.04,6.49,TP,13
115354,TLKM,2025-01-23,2025-01-30,2339.88,2267.01,-3.11,SL,2
115355,TLKM,2025-03-27,2025-04-08,2082.75,2003.43,-3.81,SL,1
115356,TLKM,2025-07-03,2025-07-04,2570.41,2496.19,-2.89,SL,1
115357,TLKM,2025-07-22,2025-08-01,2588.9,2722.41,5.16,TP,8
115358,TLKM,2025-09-18,2025-09-19,3143.66,3045.58,-3.12,SL,1
115359,TLKM,2025-10-22,2025-10-28,2977.23,3201.21,7.52,TP,4
115360,TLKM,2025-11-25,2025-11-27,3411.8,3304.1,-3.16,SL,2
115361,TLKM,2026-01-08,2026-01-22,3273.11,3449.02,5.37,TP,9
115362,TLKM,2026-09-09,2026-09-11,2650.0,2598.09,-1.96,SL,2
115363,TOWR,2022-01-25,2022-01-26,939.91,912.39,-2.93,SL,1
115364,TOWR,2022-02-07,2022-02-09,917.95,893.08,-2.71,SL,2
115365,TOWR,2022-04-22,2022-04-25,922.34,899.78,-2.45,SL,1
115366,TOWR,2022-06-02,2022-06-09,874.03,848.28,-2.95,SL,5
115367,TOWR,2022-09-07,2022-09-08,1145.64,1118.51,-2.37,SL,1
115368,TOWR,2022-09-30,2022-10-05,1118.79,1090.68,-2.51,SL,3
115369,TOWR,2022-10-11,2022-10-12,1091.94,1065.52,-2.42,SL,1
115370,TOWR,2023-05-22,2023-05-25,944.04,914.77,-3.1,SL,3
115371,TOWR,2023-08-16,2023-08-30,925.71,975.4,5.37,TP,9
115372,TOWR,2023-11-03,2023-12-01,856.97,861.55,0.53,SELL_SIGNAL,20
115373,TOWR,2023-12-15,2023-12-18,917.47,890.3,-2.96,SL,1
115374,TOWR,2024-02-21,2024-02-29,857.53,830.73,-3.13,SL,6
115375,TOWR,2025-01-06,2025-01-07,685.15,657.35,-4.06,SL,1
115376,TOWR,2025-04-11,2025-04-28,490.9,540.6,10.12,TP,10
115377,TOWR,2025-07-03,2025-07-04,542.99,517.85,-4.63,SL,1
115378,TOWR,2025-09-22,2025-09-25,591.47,568.63,-3.86,SL,3
115379,TOWR,2025-12-16,2025-12-17,559.61,543.76,-2.83,SL,1
115380,TOWR,2026-01-23,2026-01-27,603.79,583.52,-3.36,SL,2
115381,TOWR,2026-03-26,2026-03-30,495.8,479.16,-3.35,SL,2
115382,TOWR,2026-06-17,2026-06-19,392.0,371.67,-5.19,SL,2
115383,TOWR,2026-08-20,2026-08-26,428.0,459.31,7.32,TP,3
115384,UNTR,2021-12-03,2021-12-06,13792.47,13384.19,-2.96,SL,1
115385,UNTR,2022-01-10,2022-01-11,13243.15,12916.52,-2.47,SELL_SIGNAL,1
115386,UNTR,2022-02-15,2022-02-22,13955.78,13600.35,-2.55,SL,5
115387,UNTR,2022-07-15,2022-07-29,18194.01,19553.42,7.47,TP,10
115388,UNTR,2022-08-31,2022-09-05,20261.5,21276.58,5.01,TP,3
115389,UNTR,2022-10-18,2022-10-19,20544.29,19961.3,-2.84,SL,1
115390,UNTR,2022-10-27,2022-10-28,20842.49,20293.37,-2.63,SL,1
115391,UNTR,2023-09-15,2023-09-18,21475.75,22210.5,3.42,TP,1
115392,UNTR,2024-02-28,2024-02-29,19314.67,18967.8,-1.8,SL,1
115393,UNTR,2024-06-04,2024-06-05,19785.98,19360.53,-2.15,SL,1
115394,UNTR,2024-08-23,2024-08-28,22584.87,23471.83,3.93,TP,3
115395,UNTR,2024-09-30,2024-10-01,23855.14,23420.57,-1.82,SL,1
115396,UNTR,2024-10-23,2024-10-28,23883.74,23437.42,-1.87,SL,3
115397,UNTR,2024-11-01,2024-11-11,24148.63,23702.64,-1.85,SL,6
115398,UNTR,2024-11-26,2024-11-29,24369.36,23843.82,-2.16,SL,2
115399,UNTR,2025-03-07,2025-03-10,22007.48,21238.14,-3.5,SL,1
115400,UNTR,2025-06-17,2025-06-18,20914.08,20514.05,-1.91,SL,1
115401,UNTR,2025-09-04,2025-09-09,24478.45,25784.6,5.34,TP,2
115402,UNTR,2025-09-24,2025-09-25,25918.36,25286.89,-2.44,SL,1
115403,UNTR,2025-10-20,2025-10-22,26070.89,25411.81,-2.53,SL,2
115404,UNTR,2025-11-12,2025-11-18,26915.78,26311.57,-2.24,SL,4
115405,UNTR,2025-12-03,2025-12-04,27495.14,28639.92,4.16,TP,1
115406,UNTR,2025-12-24,2026-01-05,28557.29,30059.71,5.26,TP,4
115407,UNTR,2026-03-26,2026-04-08,29715.99,28687.09,-3.46,SL,8
115408,UNTR,2026-04-15,2026-04-30,30222.93,29249.67,-3.22,SL,11
115409,UNVR,2021-11-23,2021-11-26,3720.6,3607.32,-3.04,SL,3
115410,UNVR,2022-01-04,2022-01-17,3314.3,3231.85,-2.49,SL,9
115411,UNVR,2022-04-26,2022-05-09,2900.99,3083.37,6.29,TP,3
115412,UNVR,2022-09-14,2022-09-19,3680.78,3606.37,-2.02,SL,3
115413,UNVR,2022-10-20,2022-10-25,4244.0,4153.1,-2.14,SL,3
115414,UNVR,2023-01-16,2023-01-31,3856.38,3783.84,-1.88,SL,10
115415,UNVR,2023-02-09,2023-02-10,4045.58,3968.79,-1.9,SL,1
115416,UNVR,2023-03-15,2023-03-16,3389.43,3314.03,-2.22,SL,1
115417,UNVR,2023-04-28,2023-05-02,3542.4,3455.68,-2.45,SL,1
115418,UNVR,2023-06-08,2023-06-14,3679.26,3605.55,-2.0,SL,4
115419,UNVR,2023-09-21,2023-09-22,2971.43,3090.22,4.0,TP,1
115420,UNVR,2023-10-18,2023-10-20,3135.14,3057.94,-2.46,SL,2
115421,UNVR,2024-04-29,2024-05-21,2165.88,2341.22,8.1,TP,13
115422,UNVR,2025-01-17,2025-01-21,1559.34,1511.66,-3.06,SL,2
115423,UNVR,2025-01-24,2025-01-30,1524.4,1480.18,-2.9,SL,1
115424,UNVR,2025-07-04,2025-07-07,1441.15,1379.14,-4.3,SL,1
115425,UNVR,2025-08-01,2025-08-14,1535.72,1657.84,7.95,TP,9
115426,UNVR,2025-09-24,2025-09-25,1621.29,1575.23,-2.84,SL,1
115427,UNVR,2025-12-22,2025-12-23,2543.08,2450.19,-3.65,SL,1
115428,UNVR,2026-02-09,2026-03-03,2142.52,2032.07,-5.16,SL,14
115429,UNVR,2026-05-07,2026-05-18,1686.07,1608.8,-4.58,SL,7
115430,UNVR,2026-06-17,2026-06-25,1660.0,1801.82,8.54,TP,6
115431,UNVR,2026-08-03,2026-08-13,1760.0,1716.35,-2.48,SL,8
115432,UNVR,2026-08-21,2026-08-26,1830.0,1784.32,-2.5,SL,3
115433,WIFI,2023-03-10,2023-03-13,143.77,135.93,-5.45,SL,1
115434,WIFI,2023-06-13,2023-06-16,253.83,238.62,-5.99,SL,3
115435,WIFI,2023-09-14,2023-10-04,180.46,172.43,-4.45,SL,13
115436,WIFI,2023-11-15,2023-11-30,169.55,161.4,-4.81,SL,11
115437,WIFI,2024-01-19,2024-02-19,152.69,149.72,-1.95,SELL_SIGNAL,18
115438,WIFI,2024-08-01,2024-08-02,235.49,224.48,-4.67,SL,1
115439,WIFI,2024-10-11,2024-10-14,273.4,300.47,9.9,TP,1
115440,WIFI,2024-11-13,2024-12-12,439.04,419.08,-4.55,TIME_EXIT,20
115441,WIFI,2025-01-14,2025-01-15,503.9,551.33,9.41,TP,1
115442,WIFI,2025-04-14,2025-05-08,2314.94,2064.68,-10.81,SL,16
115443,WIFI,2025-06-04,2025-06-05,2245.1,2139.84,-4.69,SL,1
115444,WIFI,2025-06-25,2025-06-26,2167.35,2062.59,-4.83,SL,1
115445,WIFI,2025-07-14,2025-07-15,2047.5,2196.49,7.28,TP,1
115446,WIFI,2025-08-28,2025-08-29,3056.27,2891.99,-5.38,SL,1
115447,WIFI,2025-09-23,2025-09-25,2786.6,2650.44,-4.89,SL,2
115448,WIFI,2025-09-30,2025-10-03,2806.57,3091.89,10.17,TP,3
115449,WIFI,2025-11-10,2025-11-24,3335.93,3772.3,13.08,TP,10
115450,WIFI,2025-12-08,2025-12-09,3855.29,4182.72,8.49,TP,1
115451,WIFI,2026-08-20,2026-08-26,2060.0,1970.0,-4.37,SELL_SIGNAL,3
115452,WIFI,2026-09-02,2026-09-10,2140.0,2034.68,-4.92,SL,6