id,ticker,status,signal_date,planned_entry_date,entry_date,entry_price,atr_at_signal,tp_price,sl_price,exit_date,exit_price,exit_reason,return_pct,created_at,updated_at
1,MYOR,CLOSED_SL,2026-07-22,2026-07-23,2026-07-23,1800.0,55.5246,1911.0492,1744.4754,2026-07-24,1744.4754,CLOSED_SL,-3.08,2026-07-22 09:36:46.049575+00,2026-07-24 11:23:33.961906+00
2,INCO,CLOSED_TP,2026-07-30,2026-07-31,2026-07-31,5025.0,230.3801,5485.7602,4794.6199,2026-08-04,5485.7602,CLOSED_TP,9.17,2026-07-30 11:32:17.219031+00,2026-08-04 08:08:13.82762+00
3,MAPI,CLOSED_TP,2026-07-31,2026-08-03,2026-08-03,1560.0,45.944,1651.888,1514.056,2026-08-04,1651.888,CLOSED_TP,5.89,2026-07-31 08:10:05.508814+00,2026-08-04 08:08:37.910176+00
4,ADMR,CLOSED_TP,2026-07-31,2026-08-03,2026-08-03,1540.0,65.9205,1671.841,1474.0795,2026-08-14,1671.841,CLOSED_TP,8.56,2026-07-31 11:40:20.407353+00,2026-08-14 10:36:19.965063+00
5,UNVR,CLOSED_SL,2026-07-31,2026-08-03,2026-08-03,1760.0,43.6489,1847.2978,1716.3511,2026-08-13,1716.3511,CLOSED_SL,-2.48,2026-07-31 11:43:00.017458+00,2026-08-13 03:44:48.34126+00
6,EXCL,CLOSED_SL,2026-08-03,2026-08-04,2026-08-04,2530.0,92.3299,2714.6598,2437.6701,2026-08-11,2437.6701,CLOSED_SL,-3.65,2026-08-03 08:52:00.79759+00,2026-08-11 10:29:50.311336+00
7,MBMA,CLOSED_SL,2026-08-04,2026-08-05,2026-08-05,550.0,24.5421,599.0842,525.4579,2026-08-11,525.4579,CLOSED_SL,-4.46,2026-08-04 08:08:40.890414+00,2026-08-11 10:30:38.753159+00
8,AMRT,CLOSED_SL,2026-08-05,2026-08-06,2026-08-06,1425.0,53.8694,1532.7388,1371.1306,2026-08-10,1371.1306,CLOSED_SL,-3.78,2026-08-05 08:07:17.889055+00,2026-08-10 10:46:22.396572+00
9,ANTM,CLOSED_SL,2026-08-06,2026-08-07,2026-08-07,3090.0,110.3999,3310.7998,2979.6001,2026-08-14,2979.6001,CLOSED_SL,-3.57,2026-08-06 08:05:42.450165+00,2026-08-14 03:40:03.13354+00
10,PGEO,CLOSED_SL,2026-08-06,2026-08-07,2026-08-07,1100.0,40.3285,1180.657,1059.6715,2026-08-11,1059.6715,CLOSED_SL,-3.67,2026-08-06 08:07:36.802911+00,2026-08-11 10:30:54.086528+00
11,ISAT,CLOSED_SL,2026-08-07,2026-08-10,2026-08-10,2210.0,94.3368,2398.6736,2115.6632,2026-08-11,2115.6632,CLOSED_SL,-4.27,2026-08-07 06:17:25.218171+00,2026-08-11 03:21:41.02983+00
12,AADI,CLOSED_TP,2026-08-11,2026-08-12,2026-08-12,9225.0,252.2217,9729.4434,8972.7783,2026-08-18,9729.4434,CLOSED_TP,5.47,2026-08-11 03:20:10.401838+00,2026-08-18 05:59:14.652323+00
13,AADI,CLOSED_TP,2026-08-18,2026-08-19,2026-08-19,9725.0,284.789,10294.578,9440.211,2026-08-24,10294.578,CLOSED_TP,5.86,2026-08-18 10:01:24.647553+00,2026-08-24 10:19:55.703968+00
14,WIFI,CLOSED_SIGNAL,2026-08-19,2026-08-20,2026-08-20,2060.0,97.0991,2254.1982,1962.9009,2026-08-26,1970.0,CLOSED_SIGNAL,-4.37,2026-08-19 02:43:16.931435+00,2026-08-26 10:11:37.502912+00
15,TOWR,CLOSED_TP,2026-08-19,2026-08-20,2026-08-20,428.0,15.6546,459.3092,412.3454,2026-08-26,459.3092,CLOSED_TP,7.32,2026-08-19 06:03:14.372943+00,2026-08-26 02:51:04.713416+00
16,EMTK,CLOSED_SL,2026-08-19,2026-08-20,2026-08-20,530.0,21.7232,573.4464,508.2768,2026-08-26,508.2768,CLOSED_SL,-4.1,2026-08-19 10:02:48.418917+00,2026-08-26 10:10:10.993606+00
17,MEDC,CLOSED_SL,2026-08-19,2026-08-20,2026-08-20,1440.0,61.5044,1563.0088,1378.4956,2026-08-26,1378.4956,CLOSED_SL,-4.27,2026-08-19 10:03:43.738693+00,2026-08-26 02:50:44.053026+00
18,MBMA,CLOSED_SL,2026-08-20,2026-08-21,2026-08-21,570.0,29.0766,628.1532,540.9234,2026-08-27,540.9234,CLOSED_SL,-5.1,2026-08-20 06:03:08.516827+00,2026-08-27 11:53:16.299993+00
19,UNVR,CLOSED_SL,2026-08-20,2026-08-21,2026-08-21,1830.0,45.6844,1921.3688,1784.3156,2026-08-26,1784.3156,CLOSED_SL,-2.5,2026-08-20 10:06:10.529833+00,2026-08-26 02:51:10.700587+00
20,BBNI,CLOSED_SL,2026-08-21,2026-08-24,2026-08-24,3730.0,79.1114,3888.2228,3650.8886,2026-08-26,3650.8886,CLOSED_SL,-2.12,2026-08-21 05:45:34.930646+00,2026-08-26 02:49:30.381568+00
21,ITMG,CLOSED_SIGNAL,2026-08-21,2026-08-24,2026-08-24,25225.0,455.1214,26135.2428,24769.8786,2026-08-26,25100.0,CLOSED_SIGNAL,-0.5,2026-08-21 05:46:24.527616+00,2026-08-26 10:10:45.489242+00
22,ADRO,CLOSED_TP,2026-08-24,2026-08-26,2026-08-26,2630.0,58.5601,2747.1202,2571.4399,2026-08-31,2747.1202,CLOSED_TP,4.45,2026-08-24 10:20:01.192049+00,2026-08-31 07:24:00.338737+00
23,ITMG,CLOSED_TP,2026-08-27,2026-08-28,2026-08-28,25550.0,472.0475,26494.095,25077.9525,2026-09-02,26494.095,CLOSED_TP,3.7,2026-08-27 11:53:02.472979+00,2026-09-02 06:15:07.745443+00
24,BBTN,CLOSED_SIGNAL,2026-08-28,2026-08-31,2026-08-31,1235.0,27.4973,1289.9946,1207.5027,2026-09-10,1210.0,CLOSED_SIGNAL,-2.02,2026-08-28 13:15:07.489448+00,2026-09-10 10:02:14.359795+00
25,CPIN,CLOSED_TP,2026-08-28,2026-08-31,2026-08-31,3060.0,78.0779,3216.1558,2981.9221,2026-09-03,3216.1558,CLOSED_TP,5.1,2026-08-28 13:15:19.844711+00,2026-09-03 06:17:10.146119+00
26,BBCA,CLOSED_TP,2026-08-31,2026-09-01,2026-09-01,6450.0,132.2752,6714.5504,6317.7248,2026-09-02,6714.5504,CLOSED_TP,4.1,2026-08-31 11:50:01.399913+00,2026-09-02 06:14:27.825476+00
27,ESSA,CLOSED_SL,2026-09-01,2026-09-02,2026-09-02,700.0,30.0542,760.1084,669.9458,2026-09-10,669.9458,CLOSED_SL,-4.29,2026-09-01 06:38:24.967269+00,2026-09-10 10:02:33.452992+00
28,SMGR,CLOSED_SL,2026-09-01,2026-09-02,2026-09-02,1725.0,67.5469,1860.0938,1657.4531,2026-09-14,1657.4531,CLOSED_SL,-3.92,2026-09-01 06:39:30.025132+00,2026-09-14 06:52:10.305114+00
29,WIFI,CLOSED_SL,2026-09-01,2026-09-02,2026-09-02,2140.0,105.317,2350.634,2034.683,2026-09-10,2034.683,CLOSED_SL,-4.92,2026-09-01 06:39:46.259016+00,2026-09-10 10:03:34.939121+00
30,ASII,CLOSED_SL,2026-09-01,2026-09-02,2026-09-02,4920.0,110.0168,5140.0336,4809.9832,2026-09-07,4809.9832,CLOSED_SL,-2.24,2026-09-01 10:25:52.768692+00,2026-09-07 06:30:32.285585+00
31,CUAN,CLOSED_TP,2026-09-01,2026-09-02,2026-09-02,905.0,53.923,1012.846,851.077,2026-09-10,1012.846,CLOSED_TP,11.92,2026-09-01 10:26:28.750611+00,2026-09-10 06:27:54.815055+00
32,JPFA,CLOSED_SL,2026-09-03,2026-09-04,2026-09-04,2400.0,82.352,2564.704,2317.648,2026-09-07,2317.648,CLOSED_SL,-3.43,2026-09-03 06:18:00.794441+00,2026-09-07 10:43:49.557117+00
33,AKRA,CLOSED_SL,2026-09-08,2026-09-09,2026-09-09,1525.0,43.0767,1611.1534,1481.9233,2026-09-15,1481.9233,CLOSED_SL,-2.82,2026-09-08 06:21:30.460063+00,2026-09-15 10:25:08.182977+00
34,TLKM,CLOSED_SL,2026-09-08,2026-09-09,2026-09-09,2650.0,51.9068,2753.8136,2598.0932,2026-09-11,2598.0932,CLOSED_SL,-1.96,2026-09-08 10:06:43.010989+00,2026-09-11 06:31:57.122674+00
35,AMMN,CLOSED_SL,2026-09-09,2026-09-10,2026-09-10,4910.0,175.1713,5260.3426,4734.8287,2026-09-11,4734.8287,CLOSED_SL,-3.57,2026-09-09 10:05:37.644355+00,2026-09-11 06:29:49.061813+00
36,ANTM,CLOSED_SL,2026-09-10,2026-09-11,2026-09-11,3230.0,92.8719,3415.7438,3137.1281,2026-09-14,3137.1281,CLOSED_SL,-2.88,2026-09-10 06:27:18.919539+00,2026-09-14 06:50:05.55622+00