ticker,sektor,last_close,last_date,signal_today,signal_strength,trend,rsi,atr,winrate,expectancy_pct,profit_factor,max_drawdown_pct,n_trades,sharpe_rough,updated_at,is_idx30,is_lq45
AADI,Energi_Komoditas,12375.0,2026-09-16,HOLD,0,Uptrend,79.4,379.02,40.0,1.19,1.61,-11.03,10,0.63,2026-07-28 06:23:44.969267+00,true,true
ADMR,Pertambangan,1565.0,2026-09-16,HOLD,0,Downtrend,42.8,61.07,26.3,-1.15,0.66,-37.4,19,-0.84,2026-07-28 06:23:47.233207+00,true,true
ADRO,Energi_Komoditas,2660.0,2026-09-16,HOLD,0,Uptrend,53.3,74.54,42.4,0.59,1.3,-23.36,33,0.68,2026-07-22 01:31:49.50487+00,true,true
AKRA,Energi_Komoditas,1480.0,2026-09-16,HOLD,0,Uptrend,56.7,45.01,25.9,-1.01,0.59,-27.11,27,-1.27,2026-07-22 01:31:59.674991+00,false,true
AMMN,Pertambangan,5150.0,2026-09-16,HOLD,0,Sideways/Mixed,71.2,189.17,14.3,-2.33,0.39,-29.24,14,-1.49,2026-07-22 01:32:03.268414+00,false,true
AMRT,Consumer_Goods,1300.0,2026-09-16,HOLD,0,Downtrend,44.2,38.51,21.4,-0.86,0.66,-38.72,28,-0.96,2026-07-22 01:32:06.193467+00,true,true
ANTM,Pertambangan,3280.0,2026-09-16,BUY,2,Sideways/Mixed,61.0,102.72,25.9,-0.45,0.82,-20.15,27,-0.45,2026-07-22 01:32:09.646044+00,true,true
ASII,Industri_Manufaktur,4880.0,2026-09-16,HOLD,0,Downtrend,49.2,107.55,17.9,-1.26,0.42,-34.0,28,-2.13,2026-07-22 01:32:25.02364+00,true,true
BBCA,Perbankan,6375.0,2026-09-16,SELL,2,Sideways/Mixed,46.9,155.95,28.0,-0.4,0.69,-20.75,25,-0.87,2026-07-22 01:32:47.528963+00,true,true
BBNI,Perbankan,3750.0,2026-09-16,HOLD,0,Sideways/Mixed,49.8,91.06,38.2,0.34,1.2,-19.29,34,0.48,2026-07-22 01:32:54.957685+00,true,true
BBRI,Perbankan,3340.0,2026-09-16,HOLD,0,Sideways/Mixed,57.0,76.8,42.3,0.4,1.3,-10.24,26,0.61,2026-07-22 01:33:00.479175+00,true,true
BBTN,Perbankan,1180.0,2026-09-16,SELL,2,Downtrend,42.0,28.51,32.0,-0.22,0.89,-22.98,25,-0.26,2026-07-22 01:33:04.375519+00,false,true
BMRI,Perbankan,4300.0,2026-09-16,HOLD,0,Sideways/Mixed,55.1,81.55,31.4,-0.15,0.91,-28.77,35,-0.26,2026-07-22 01:33:28.570753+00,true,true
BRPT,Energi_Komoditas,1630.0,2026-09-16,HOLD,0,Downtrend,34.3,64.82,30.8,-1.31,0.65,-26.97,13,-0.7,2026-07-28 06:24:20.902963+00,true,true
BUMI,Pertambangan,204.0,2026-09-16,SELL,2,Sideways/Mixed,54.4,9.66,23.8,-1.1,0.71,-42.1,21,-0.68,2026-07-22 01:34:11.13799+00,true,true
CPIN,Consumer_Goods,3130.0,2026-09-16,HOLD,0,Sideways/Mixed,49.2,104.3,20.8,-0.98,0.54,-25.52,24,-1.29,2026-07-22 01:34:17.966404+00,true,true
CUAN,Energi_Komoditas,920.0,2026-09-16,HOLD,0,Sideways/Mixed,60.1,52.33,58.3,5.04,2.92,-19.93,12,1.57,2026-07-28 06:24:28.492224+00,false,true
DEWA,Pertambangan,386.0,2026-09-16,HOLD,0,Downtrend,33.6,20.31,42.9,1.47,1.42,-29.31,28,0.84,2026-07-28 06:24:30.621534+00,false,true
EMTK,Teknologi_Digital,492.0,2026-09-16,SELL,2,Downtrend,40.6,19.04,28.6,-1.5,0.62,-38.4,14,-0.84,2026-07-22 01:34:43.385211+00,true,true
ESSA,Energi_Komoditas,615.0,2026-09-16,HOLD,0,Sideways/Mixed,40.6,30.58,32.0,-0.63,0.83,-30.73,25,-0.43,2026-07-28 06:24:35.415018+00,false,true
EXCL,Telekomunikasi_Infrastruktur,2580.0,2026-09-16,HOLD,0,Downtrend,42.9,91.53,36.4,0.03,1.01,-26.98,33,0.03,2026-07-22 01:34:52.514582+00,false,true
GOTO,Teknologi_Digital,50.0,2026-09-16,HOLD,0,Sideways/Mixed,38.4,0.0,9.1,-3.88,0.05,-32.61,11,-5.84,2026-07-22 01:35:06.227547+00,true,true
HRTA,Consumer_Goods,2130.0,2026-09-16,HOLD,0,Sideways/Mixed,45.5,86.33,44.0,2.06,1.89,-25.36,25,1.3,2026-07-28 06:24:43.225605+00,false,true
ICBP,Consumer_Goods,6925.0,2026-09-16,HOLD,0,Downtrend,31.8,188.73,25.0,-0.65,0.62,-16.47,24,-1.09,2026-07-22 01:35:21.476712+00,true,true
INCO,Pertambangan,4810.0,2026-09-16,HOLD,0,Downtrend,43.7,177.11,25.0,-0.22,0.91,-35.54,24,-0.19,2026-07-22 01:35:28.693798+00,true,true
INDF,Consumer_Goods,7225.0,2026-09-16,HOLD,0,Uptrend,48.1,152.77,35.0,0.35,1.28,-9.31,20,0.47,2026-07-22 01:35:32.017922+00,true,true
INKP,Industri_Manufaktur,8700.0,2026-09-16,HOLD,0,Sideways/Mixed,49.1,263.64,29.4,-0.72,0.74,-19.98,17,-0.57,2026-07-28 06:24:53.92773+00,true,true
ISAT,Telekomunikasi_Infrastruktur,2360.0,2026-09-16,HOLD,0,Uptrend,49.3,112.44,39.1,0.34,1.15,-22.18,23,0.3,2026-07-22 01:35:38.847218+00,false,true
ITMG,Energi_Komoditas,26500.0,2026-09-16,HOLD,0,Uptrend,65.4,487.74,39.1,0.32,1.21,-12.24,23,0.41,2026-07-22 01:35:41.728109+00,false,true
JPFA,Consumer_Goods,2310.0,2026-09-16,HOLD,0,Sideways/Mixed,55.7,82.68,30.0,-0.51,0.8,-32.69,30,-0.57,2026-07-22 01:35:44.633384+00,true,true
KLBF,Consumer_Goods,760.0,2026-09-16,HOLD,0,Downtrend,46.9,27.15,7.4,-2.44,0.13,-47.45,27,-5.69,2026-07-22 01:35:53.349246+00,true,true
MAPI,Consumer_Goods,1390.0,2026-09-16,HOLD,0,Sideways/Mixed,43.7,56.03,32.3,0.15,1.06,-20.31,31,0.14,2026-07-22 01:36:02.971171+00,false,true
MBMA,Pertambangan,505.0,2026-09-16,HOLD,0,Downtrend,44.1,27.28,7.1,-3.9,0.26,-40.71,14,-2.18,2026-07-22 01:36:07.411369+00,true,true
MDKA,Pertambangan,2850.0,2026-09-16,SELL,2,Sideways/Mixed,45.8,121.51,38.9,1.71,1.6,-20.44,18,0.84,2026-07-22 01:36:10.260094+00,true,true
MEDC,Energi_Komoditas,1575.0,2026-09-16,HOLD,0,Sideways/Mixed,68.4,59.36,40.0,1.0,1.42,-14.08,25,0.78,2026-07-22 01:36:13.802126+00,true,true
PGAS,Energi_Komoditas,1520.0,2026-09-16,SELL,2,Sideways/Mixed,49.0,31.84,29.0,-0.24,0.87,-19.88,31,-0.36,2026-07-22 01:37:08.790652+00,true,true
PGEO,Energi_Komoditas,1050.0,2026-09-16,HOLD,0,Uptrend,54.3,30.83,25.0,-1.54,0.54,-29.33,12,-1.0,2026-07-22 01:37:11.878216+00,true,true
PTBA,Energi_Komoditas,3020.0,2026-09-16,HOLD,0,Uptrend,75.7,96.1,34.8,-0.01,0.99,-17.66,23,-0.01,2026-07-22 01:37:29.626268+00,true,true
SCMA,Teknologi_Digital,196.0,2026-09-16,HOLD,0,Downtrend,40.8,6.09,33.3,0.19,1.06,-11.79,15,0.09,2026-07-28 06:25:25.259342+00,false,true
SMGR,Industri_Manufaktur,1600.0,2026-09-16,HOLD,0,Sideways/Mixed,47.6,70.96,11.1,-2.36,0.21,-33.24,18,-3.27,2026-07-22 01:38:14.279181+00,false,true
TLKM,Telekomunikasi_Infrastruktur,2670.0,2026-09-16,HOLD,0,Sideways/Mixed,55.4,54.36,30.8,0.07,1.04,-18.36,26,0.1,2026-07-22 01:38:40.182733+00,true,true
TOWR,Telekomunikasi_Infrastruktur,444.0,2026-09-16,HOLD,0,Sideways/Mixed,51.8,16.65,19.0,-1.5,0.43,-31.2,21,-1.7,2026-07-22 01:38:44.252829+00,false,true
UNTR,Industri_Manufaktur,26175.0,2026-09-16,HOLD,0,Sideways/Mixed,63.1,618.27,28.0,-0.39,0.78,-16.21,25,-0.56,2026-07-22 01:39:02.267102+00,true,true
UNVR,Consumer_Goods,1620.0,2026-09-16,HOLD,0,Downtrend,31.7,34.41,20.8,-0.8,0.65,-22.06,24,-0.93,2026-07-22 01:39:06.263514+00,true,true
WIFI,Teknologi_Digital,1960.0,2026-09-16,HOLD,0,Downtrend,44.3,82.17,30.0,-0.67,0.81,-28.35,20,-0.42,2026-07-22 01:39:09.251952+00,false,true