id,run_at,tickers_processed,tickers_failed,status,notes
3,2026-07-22 03:18:26.717672+00,111,2,OK,0 aksi posisi | 582.6s
4,2026-07-22 05:49:18.097924+00,112,1,OK,0 aksi posisi | 269.9s
5,2026-07-22 09:38:30.516992+00,112,1,OK,1 aksi posisi | 354.0s
6,2026-07-22 11:31:38.636758+00,112,1,OK,0 aksi posisi | 311.8s
7,2026-07-23 11:30:42.333529+00,112,1,OK,1 aksi posisi | 273.4s
8,2026-07-24 11:25:31.269839+00,112,1,OK,1 aksi posisi | 405.6s
9,2026-07-27 08:59:38.994022+00,112,1,OK,0 aksi posisi | 333.8s
10,2026-07-27 12:49:52.573808+00,112,1,OK,0 aksi posisi | 393.9s
11,2026-07-28 06:25:43.718384+00,45,0,OK,0 aksi posisi | 120.6s
12,2026-07-28 08:01:50.427528+00,45,0,OK,0 aksi posisi | 142.6s
13,2026-07-28 11:39:33.883078+00,45,0,OK,0 aksi posisi | 179.9s
14,2026-07-29 11:51:12.980636+00,45,0,OK,0 aksi posisi | 179.2s
15,2026-07-30 07:59:05.854249+00,45,0,OK,0 aksi posisi | 112.7s
16,2026-07-30 11:33:00.963989+00,45,0,OK,1 aksi posisi | 99.9s
17,2026-07-31 08:10:45.706756+00,45,0,OK,2 aksi posisi | 140.8s
18,2026-07-31 11:43:04.400347+00,45,0,OK,2 aksi posisi | 173.4s
19,2026-08-03 08:53:29.468287+00,45,0,OK,4 aksi posisi | 172.3s
20,2026-08-03 12:47:18.820726+00,45,0,OK,0 aksi posisi | 187.7s
21,2026-08-04 08:09:22.210695+00,45,0,OK,4 aksi posisi | 153.8s
22,2026-08-04 11:49:19.278209+00,45,0,OK,0 aksi posisi | 161.4s
23,2026-08-05 08:09:44.610321+00,45,0,OK,2 aksi posisi | 174.2s
24,2026-08-05 11:41:17.411158+00,45,0,OK,0 aksi posisi | 143.5s
25,2026-08-06 08:08:07.545+00,45,0,OK,3 aksi posisi | 176.7s
26,2026-08-06 11:51:34.848066+00,45,0,OK,0 aksi posisi | 107.0s
27,2026-08-07 06:18:29.265718+00,45,0,OK,3 aksi posisi | 186.5s
28,2026-08-07 10:32:23.259233+00,45,0,OK,0 aksi posisi | 178.3s
29,2026-08-10 02:08:35.76183+00,45,0,OK,0 aksi posisi | 155.8s
30,2026-08-10 06:56:29.224477+00,45,0,OK,1 aksi posisi | 137.8s
31,2026-08-10 10:47:59.347971+00,45,0,OK,1 aksi posisi | 114.3s
32,2026-08-11 03:22:36.813949+00,45,0,OK,2 aksi posisi | 151.0s
33,2026-08-11 06:33:59.258363+00,45,0,OK,0 aksi posisi | 93.7s
34,2026-08-11 10:31:25.621054+00,45,0,OK,3 aksi posisi | 183.0s
35,2026-08-12 03:41:00.474474+00,45,0,OK,1 aksi posisi | 117.7s
36,2026-08-12 06:59:58.575945+00,45,0,OK,0 aksi posisi | 152.7s
37,2026-08-12 10:41:34.981397+00,45,0,OK,0 aksi posisi | 131.7s
38,2026-08-13 03:44:52.509454+00,45,0,OK,1 aksi posisi | 151.1s
39,2026-08-13 07:04:47.902393+00,45,0,OK,0 aksi posisi | 154.5s
40,2026-08-13 10:42:34.509107+00,45,0,OK,0 aksi posisi | 107.5s
41,2026-08-14 03:41:40.300944+00,45,0,OK,1 aksi posisi | 118.9s
42,2026-08-14 06:41:37.970393+00,45,0,OK,0 aksi posisi | 172.8s
43,2026-08-14 10:38:38.392972+00,45,0,OK,1 aksi posisi | 148.0s
44,2026-08-17 02:43:15.189686+00,0,0,SKIPPED,2026-08-17 bukan hari bursa (weekend/libur bursa)
45,2026-08-17 06:03:58.436809+00,0,0,SKIPPED,2026-08-17 bukan hari bursa (weekend/libur bursa)
46,2026-08-17 10:07:16.7924+00,0,0,SKIPPED,2026-08-17 bukan hari bursa (weekend/libur bursa)
47,2026-08-18 02:39:47.303762+00,45,0,OK,0 aksi posisi | 152.7s
48,2026-08-18 06:01:26.647451+00,45,0,OK,1 aksi posisi | 136.1s
49,2026-08-18 10:04:23.504062+00,45,0,OK,1 aksi posisi | 185.1s
50,2026-08-19 02:43:17.527125+00,45,0,OK,2 aksi posisi | 154.8s
51,2026-08-19 06:03:24.82597+00,45,0,OK,1 aksi posisi | 153.4s
52,2026-08-19 10:04:19.18408+00,45,0,OK,2 aksi posisi | 159.5s
53,2026-08-20 02:42:16.642123+00,45,0,OK,4 aksi posisi | 181.7s
54,2026-08-20 06:03:55.412209+00,45,0,OK,1 aksi posisi | 191.5s
55,2026-08-20 10:06:14.751912+00,45,0,OK,1 aksi posisi | 173.2s
56,2026-08-21 02:48:48.953395+00,45,0,OK,2 aksi posisi | 150.4s
57,2026-08-21 05:47:04.293557+00,45,0,OK,2 aksi posisi | 119.6s
58,2026-08-21 10:05:44.38452+00,45,0,OK,0 aksi posisi | 128.6s
59,2026-08-24 02:49:00.445476+00,45,0,OK,2 aksi posisi | 125.7s
60,2026-08-24 06:10:12.582797+00,45,0,OK,0 aksi posisi | 182.5s
61,2026-08-24 10:21:45.006058+00,45,0,OK,2 aksi posisi | 112.6s
62,2026-08-25 02:40:14.43566+00,0,0,SKIPPED,2026-08-25 bukan hari bursa (weekend/libur bursa)
63,2026-08-25 06:02:16.377646+00,0,0,SKIPPED,2026-08-25 bukan hari bursa (weekend/libur bursa)
64,2026-08-25 10:03:32.099308+00,0,0,SKIPPED,2026-08-25 bukan hari bursa (weekend/libur bursa)
65,2026-08-26 02:51:14.25831+00,45,0,OK,5 aksi posisi | 135.3s
66,2026-08-26 06:05:45.368457+00,45,0,OK,0 aksi posisi | 119.6s
67,2026-08-26 10:11:38.119498+00,45,0,OK,3 aksi posisi | 150.4s
68,2026-08-27 11:53:57.201501+00,45,0,OK,2 aksi posisi | 155.5s
69,2026-08-27 16:49:34.339298+00,45,0,OK,0 aksi posisi | 136.1s
70,2026-08-27 19:59:06.134024+00,45,0,OK,0 aksi posisi | 120.7s
71,2026-08-28 13:16:45.869271+00,45,0,OK,3 aksi posisi | 137.6s
72,2026-08-28 17:24:03.630947+00,0,0,SKIPPED,2026-08-29 bukan hari bursa (weekend/libur bursa)
73,2026-08-28 20:58:38.262624+00,0,0,SKIPPED,2026-08-29 bukan hari bursa (weekend/libur bursa)
74,2026-08-31 07:26:20.370328+00,45,0,OK,3 aksi posisi | 152.9s
75,2026-08-31 11:52:18.510252+00,45,0,OK,1 aksi posisi | 178.0s
76,2026-08-31 17:15:42.228627+00,45,0,OK,0 aksi posisi | 174.7s
77,2026-09-01 06:39:46.87706+00,45,0,OK,4 aksi posisi | 150.3s
78,2026-09-01 10:28:17.795667+00,45,0,OK,2 aksi posisi | 185.5s
79,2026-09-01 14:18:59.767017+00,45,0,OK,0 aksi posisi | 159.9s
80,2026-09-02 06:15:40.101119+00,45,0,OK,7 aksi posisi | 92.5s
81,2026-09-02 09:54:55.388345+00,45,0,OK,0 aksi posisi | 107.8s
82,2026-09-02 13:52:39.06069+00,45,0,OK,0 aksi posisi | 156.6s
83,2026-09-03 06:18:55.134445+00,45,0,OK,2 aksi posisi | 168.3s
84,2026-09-03 10:07:01.107556+00,45,0,OK,0 aksi posisi | 166.2s
85,2026-09-03 13:53:08.402201+00,45,0,OK,0 aksi posisi | 179.9s
86,2026-09-04 06:24:01.83687+00,45,0,OK,1 aksi posisi | 159.3s
87,2026-09-04 09:36:48.728911+00,45,0,OK,0 aksi posisi | 179.1s
88,2026-09-04 13:46:14.661334+00,45,0,OK,0 aksi posisi | 139.8s
89,2026-09-07 06:32:25.327398+00,45,0,OK,1 aksi posisi | 138.3s
90,2026-09-07 10:44:33.718624+00,45,0,OK,1 aksi posisi | 135.0s
91,2026-09-07 15:13:21.384155+00,45,0,OK,0 aksi posisi | 113.8s
92,2026-09-08 06:24:00.634602+00,45,0,OK,1 aksi posisi | 169.2s
93,2026-09-08 10:06:58.891967+00,45,0,OK,1 aksi posisi | 174.1s
94,2026-09-08 13:51:24.268948+00,45,0,OK,0 aksi posisi | 141.9s
95,2026-09-09 06:29:49.139742+00,45,0,OK,2 aksi posisi | 110.8s
96,2026-09-09 10:07:27.466624+00,45,0,OK,1 aksi posisi | 125.1s
97,2026-09-09 13:54:35.91165+00,45,0,OK,0 aksi posisi | 131.6s
98,2026-09-10 06:29:37.732442+00,45,0,OK,3 aksi posisi | 168.0s
99,2026-09-10 10:03:35.480217+00,45,0,OK,3 aksi posisi | 114.0s
100,2026-09-10 13:49:22.540495+00,45,0,OK,0 aksi posisi | 162.2s
101,2026-09-11 06:32:12.214606+00,45,0,OK,3 aksi posisi | 162.0s
102,2026-09-11 09:38:15.108733+00,45,0,OK,0 aksi posisi | 161.1s
103,2026-09-11 13:49:41.246179+00,45,0,OK,0 aksi posisi | 161.4s
104,2026-09-14 06:52:30.195429+00,45,0,OK,2 aksi posisi | 172.8s
105,2026-09-14 10:59:48.234323+00,45,0,OK,0 aksi posisi | 131.0s
106,2026-09-14 16:01:38.266972+00,45,0,OK,0 aksi posisi | 150.4s
107,2026-09-15 06:33:13.786842+00,45,0,OK,0 aksi posisi | 127.2s
108,2026-09-15 10:27:07.521428+00,45,0,OK,1 aksi posisi | 132.2s
109,2026-09-15 14:27:45.221214+00,45,0,OK,0 aksi posisi | 108.1s
110,2026-09-16 06:32:51.697765+00,45,0,OK,0 aksi posisi | 175.2s